2026-07-27 18:52:26,260 - src.etl.ratio_calculator - INFO - ============================================================
2026-07-27 18:52:26,260 - src.etl.ratio_calculator - INFO - N100 Financial Ratio Calculation Pipeline (Days 12-13)
2026-07-27 18:52:26,260 - src.etl.ratio_calculator - INFO - ============================================================
2026-07-27 18:52:26,261 - src.etl.ratio_calculator - INFO - 
Step 1: Calculating ratios for all companies...
2026-07-27 18:52:26,271 - src.etl.ratio_calculator - INFO - Processing 1058 company-year records...
2026-07-27 18:52:26,272 - src.etl.ratio_calculator - ERROR - Error processing ADANIENSOL 2014: no such column: c.id
2026-07-27 18:52:26,278 - src.etl.ratio_calculator - ERROR - Error processing ADANIENSOL 2015: no such column: c.id
2026-07-27 18:52:26,279 - src.etl.ratio_calculator - ERROR - Error processing ADANIENSOL 2016: no such column: c.id
2026-07-27 18:52:26,280 - src.etl.ratio_calculator - ERROR - Error processing ADANIENSOL 2017: no such column: c.id
2026-07-27 18:52:26,282 - src.etl.ratio_calculator - ERROR - Error processing ADANIENSOL 2018: no such column: c.id
2026-07-27 18:52:26,283 - src.etl.ratio_calculator - ERROR - Error processing ADANIENSOL 2019: no such column: c.id
2026-07-27 18:52:26,285 - src.etl.ratio_calculator - ERROR - Error processing ADANIENSOL 2020: no such column: c.id
2026-07-27 18:52:26,286 - src.etl.ratio_calculator - ERROR - Error processing ADANIENSOL 2021: no such column: c.id
2026-07-27 18:52:26,287 - src.etl.ratio_calculator - ERROR - Error processing ADANIENSOL 2022: no such column: c.id
2026-07-27 18:52:26,288 - src.etl.ratio_calculator - ERROR - Error processing ADANIENSOL 2023: no such column: c.id
2026-07-27 18:52:26,289 - src.etl.ratio_calculator - ERROR - Error processing ADANIENSOL 2024: no such column: c.id
2026-07-27 18:52:26,290 - src.etl.ratio_calculator - ERROR - Error processing ADANIENT 2013: no such column: c.id
2026-07-27 18:52:26,291 - src.etl.ratio_calculator - ERROR - Error processing ADANIENT 2014: no such column: c.id
2026-07-27 18:52:26,292 - src.etl.ratio_calculator - ERROR - Error processing ADANIENT 2015: no such column: c.id
2026-07-27 18:52:26,293 - src.etl.ratio_calculator - ERROR - Error processing ADANIENT 2016: no such column: c.id
2026-07-27 18:52:26,294 - src.etl.ratio_calculator - ERROR - Error processing ADANIENT 2017: no such column: c.id
2026-07-27 18:52:26,295 - src.etl.ratio_calculator - ERROR - Error processing ADANIENT 2018: no such column: c.id
2026-07-27 18:52:26,296 - src.etl.ratio_calculator - ERROR - Error processing ADANIENT 2019: no such column: c.id
2026-07-27 18:52:26,297 - src.etl.ratio_calculator - ERROR - Error processing ADANIENT 2020: no such column: c.id
2026-07-27 18:52:26,299 - src.etl.ratio_calculator - ERROR - Error processing ADANIENT 2021: no such column: c.id
2026-07-27 18:52:26,301 - src.etl.ratio_calculator - ERROR - Error processing ADANIENT 2022: no such column: c.id
2026-07-27 18:52:26,302 - src.etl.ratio_calculator - ERROR - Error processing ADANIENT 2023: no such column: c.id
2026-07-27 18:52:26,303 - src.etl.ratio_calculator - ERROR - Error processing ADANIENT 2024: no such column: c.id
2026-07-27 18:52:26,304 - src.etl.ratio_calculator - ERROR - Error processing ADANIGREEN 2017: no such column: c.id
2026-07-27 18:52:26,304 - src.etl.ratio_calculator - ERROR - Error processing ADANIGREEN 2018: no such column: c.id
2026-07-27 18:52:26,305 - src.etl.ratio_calculator - ERROR - Error processing ADANIGREEN 2019: no such column: c.id
2026-07-27 18:52:26,306 - src.etl.ratio_calculator - ERROR - Error processing ADANIGREEN 2020: no such column: c.id
2026-07-27 18:52:26,307 - src.etl.ratio_calculator - ERROR - Error processing ADANIGREEN 2021: no such column: c.id
2026-07-27 18:52:26,308 - src.etl.ratio_calculator - ERROR - Error processing ADANIGREEN 2022: no such column: c.id
2026-07-27 18:52:26,309 - src.etl.ratio_calculator - ERROR - Error processing ADANIGREEN 2023: no such column: c.id
2026-07-27 18:52:26,310 - src.etl.ratio_calculator - ERROR - Error processing ADANIGREEN 2024: no such column: c.id
2026-07-27 18:52:26,311 - src.etl.ratio_calculator - ERROR - Error processing ADANIPORTS 2013: no such column: c.id
2026-07-27 18:52:26,312 - src.etl.ratio_calculator - ERROR - Error processing ADANIPORTS 2014: no such column: c.id
2026-07-27 18:52:26,313 - src.etl.ratio_calculator - ERROR - Error processing ADANIPORTS 2015: no such column: c.id
2026-07-27 18:52:26,316 - src.etl.ratio_calculator - ERROR - Error processing ADANIPORTS 2016: no such column: c.id
2026-07-27 18:52:26,317 - src.etl.ratio_calculator - ERROR - Error processing ADANIPORTS 2017: no such column: c.id
2026-07-27 18:52:26,318 - src.etl.ratio_calculator - ERROR - Error processing ADANIPORTS 2018: no such column: c.id
2026-07-27 18:52:26,319 - src.etl.ratio_calculator - ERROR - Error processing ADANIPORTS 2019: no such column: c.id
2026-07-27 18:52:26,319 - src.etl.ratio_calculator - ERROR - Error processing ADANIPORTS 2020: no such column: c.id
2026-07-27 18:52:26,320 - src.etl.ratio_calculator - ERROR - Error processing ADANIPORTS 2021: no such column: c.id
2026-07-27 18:52:26,321 - src.etl.ratio_calculator - ERROR - Error processing ADANIPORTS 2022: no such column: c.id
2026-07-27 18:52:26,322 - src.etl.ratio_calculator - ERROR - Error processing ADANIPORTS 2023: no such column: c.id
2026-07-27 18:52:26,322 - src.etl.ratio_calculator - ERROR - Error processing ADANIPORTS 2024: no such column: c.id
2026-07-27 18:52:26,323 - src.etl.ratio_calculator - ERROR - Error processing ADANIPOWER 2013: no such column: c.id
2026-07-27 18:52:26,324 - src.etl.ratio_calculator - ERROR - Error processing ADANIPOWER 2014: no such column: c.id
2026-07-27 18:52:26,325 - src.etl.ratio_calculator - ERROR - Error processing ADANIPOWER 2015: no such column: c.id
2026-07-27 18:52:26,327 - src.etl.ratio_calculator - ERROR - Error processing ADANIPOWER 2016: no such column: c.id
2026-07-27 18:52:26,328 - src.etl.ratio_calculator - ERROR - Error processing ADANIPOWER 2017: no such column: c.id
2026-07-27 18:52:26,329 - src.etl.ratio_calculator - ERROR - Error processing ADANIPOWER 2018: no such column: c.id
2026-07-27 18:52:26,330 - src.etl.ratio_calculator - ERROR - Error processing ADANIPOWER 2019: no such column: c.id
2026-07-27 18:52:26,332 - src.etl.ratio_calculator - ERROR - Error processing ADANIPOWER 2020: no such column: c.id
2026-07-27 18:52:26,334 - src.etl.ratio_calculator - ERROR - Error processing ADANIPOWER 2021: no such column: c.id
2026-07-27 18:52:26,335 - src.etl.ratio_calculator - ERROR - Error processing ADANIPOWER 2022: no such column: c.id
2026-07-27 18:52:26,336 - src.etl.ratio_calculator - ERROR - Error processing ADANIPOWER 2023: no such column: c.id
2026-07-27 18:52:26,336 - src.etl.ratio_calculator - ERROR - Error processing ADANIPOWER 2024: no such column: c.id
2026-07-27 18:52:26,337 - src.etl.ratio_calculator - ERROR - Error processing AMBUJACEM 2012: no such column: c.id
2026-07-27 18:52:26,338 - src.etl.ratio_calculator - ERROR - Error processing AMBUJACEM 2013: no such column: c.id
2026-07-27 18:52:26,339 - src.etl.ratio_calculator - ERROR - Error processing AMBUJACEM 2014: no such column: c.id
2026-07-27 18:52:26,340 - src.etl.ratio_calculator - ERROR - Error processing AMBUJACEM 2015: no such column: c.id
2026-07-27 18:52:26,341 - src.etl.ratio_calculator - ERROR - Error processing AMBUJACEM 2016: no such column: c.id
2026-07-27 18:52:26,342 - src.etl.ratio_calculator - ERROR - Error processing AMBUJACEM 2017: no such column: c.id
2026-07-27 18:52:26,343 - src.etl.ratio_calculator - ERROR - Error processing AMBUJACEM 2018: no such column: c.id
2026-07-27 18:52:26,344 - src.etl.ratio_calculator - ERROR - Error processing AMBUJACEM 2019: no such column: c.id
2026-07-27 18:52:26,344 - src.etl.ratio_calculator - ERROR - Error processing AMBUJACEM 2020: no such column: c.id
2026-07-27 18:52:26,345 - src.etl.ratio_calculator - ERROR - Error processing AMBUJACEM 2021: no such column: c.id
2026-07-27 18:52:26,346 - src.etl.ratio_calculator - ERROR - Error processing AMBUJACEM 2024: no such column: c.id
2026-07-27 18:52:26,349 - src.etl.ratio_calculator - ERROR - Error processing APOLLOHOSP 2013: no such column: c.id
2026-07-27 18:52:26,351 - src.etl.ratio_calculator - ERROR - Error processing APOLLOHOSP 2014: no such column: c.id
2026-07-27 18:52:26,352 - src.etl.ratio_calculator - ERROR - Error processing APOLLOHOSP 2015: no such column: c.id
2026-07-27 18:52:26,353 - src.etl.ratio_calculator - ERROR - Error processing APOLLOHOSP 2016: no such column: c.id
2026-07-27 18:52:26,354 - src.etl.ratio_calculator - ERROR - Error processing APOLLOHOSP 2017: no such column: c.id
2026-07-27 18:52:26,355 - src.etl.ratio_calculator - ERROR - Error processing APOLLOHOSP 2018: no such column: c.id
2026-07-27 18:52:26,356 - src.etl.ratio_calculator - ERROR - Error processing APOLLOHOSP 2019: no such column: c.id
2026-07-27 18:52:26,357 - src.etl.ratio_calculator - ERROR - Error processing APOLLOHOSP 2020: no such column: c.id
2026-07-27 18:52:26,358 - src.etl.ratio_calculator - ERROR - Error processing APOLLOHOSP 2021: no such column: c.id
2026-07-27 18:52:26,359 - src.etl.ratio_calculator - ERROR - Error processing APOLLOHOSP 2022: no such column: c.id
2026-07-27 18:52:26,360 - src.etl.ratio_calculator - ERROR - Error processing APOLLOHOSP 2023: no such column: c.id
2026-07-27 18:52:26,361 - src.etl.ratio_calculator - ERROR - Error processing APOLLOHOSP 2024: no such column: c.id
2026-07-27 18:52:26,362 - src.etl.ratio_calculator - ERROR - Error processing ASIANPAINT 2013: no such column: c.id
2026-07-27 18:52:26,363 - src.etl.ratio_calculator - ERROR - Error processing ASIANPAINT 2014: no such column: c.id
2026-07-27 18:52:26,365 - src.etl.ratio_calculator - ERROR - Error processing ASIANPAINT 2015: no such column: c.id
2026-07-27 18:52:26,367 - src.etl.ratio_calculator - ERROR - Error processing ASIANPAINT 2016: no such column: c.id
2026-07-27 18:52:26,368 - src.etl.ratio_calculator - ERROR - Error processing ASIANPAINT 2017: no such column: c.id
2026-07-27 18:52:26,369 - src.etl.ratio_calculator - ERROR - Error processing ASIANPAINT 2018: no such column: c.id
2026-07-27 18:52:26,370 - src.etl.ratio_calculator - ERROR - Error processing ASIANPAINT 2019: no such column: c.id
2026-07-27 18:52:26,370 - src.etl.ratio_calculator - ERROR - Error processing ASIANPAINT 2020: no such column: c.id
2026-07-27 18:52:26,371 - src.etl.ratio_calculator - ERROR - Error processing ASIANPAINT 2021: no such column: c.id
2026-07-27 18:52:26,372 - src.etl.ratio_calculator - ERROR - Error processing ASIANPAINT 2022: no such column: c.id
2026-07-27 18:52:26,373 - src.etl.ratio_calculator - ERROR - Error processing ASIANPAINT 2023: no such column: c.id
2026-07-27 18:52:26,373 - src.etl.ratio_calculator - ERROR - Error processing ASIANPAINT 2024: no such column: c.id
2026-07-27 18:52:26,374 - src.etl.ratio_calculator - ERROR - Error processing ATGL 2018: no such column: c.id
2026-07-27 18:52:26,375 - src.etl.ratio_calculator - ERROR - Error processing ATGL 2019: no such column: c.id
2026-07-27 18:52:26,376 - src.etl.ratio_calculator - ERROR - Error processing ATGL 2020: no such column: c.id
2026-07-27 18:52:26,377 - src.etl.ratio_calculator - ERROR - Error processing ATGL 2021: no such column: c.id
2026-07-27 18:52:26,378 - src.etl.ratio_calculator - ERROR - Error processing ATGL 2022: no such column: c.id
2026-07-27 18:52:26,378 - src.etl.ratio_calculator - ERROR - Error processing ATGL 2023: no such column: c.id
2026-07-27 18:52:26,380 - src.etl.ratio_calculator - ERROR - Error processing ATGL 2024: no such column: c.id
2026-07-27 18:52:26,382 - src.etl.ratio_calculator - ERROR - Error processing AXISBANK 2013: no such column: c.id
2026-07-27 18:52:26,384 - src.etl.ratio_calculator - ERROR - Error processing AXISBANK 2014: no such column: c.id
2026-07-27 18:52:26,385 - src.etl.ratio_calculator - ERROR - Error processing AXISBANK 2015: no such column: c.id
2026-07-27 18:52:26,386 - src.etl.ratio_calculator - ERROR - Error processing AXISBANK 2016: no such column: c.id
2026-07-27 18:52:26,387 - src.etl.ratio_calculator - ERROR - Error processing AXISBANK 2017: no such column: c.id
2026-07-27 18:52:26,388 - src.etl.ratio_calculator - ERROR - Error processing AXISBANK 2018: no such column: c.id
2026-07-27 18:52:26,389 - src.etl.ratio_calculator - ERROR - Error processing AXISBANK 2019: no such column: c.id
2026-07-27 18:52:26,389 - src.etl.ratio_calculator - ERROR - Error processing AXISBANK 2020: no such column: c.id
2026-07-27 18:52:26,390 - src.etl.ratio_calculator - ERROR - Error processing AXISBANK 2021: no such column: c.id
2026-07-27 18:52:26,391 - src.etl.ratio_calculator - ERROR - Error processing AXISBANK 2022: no such column: c.id
2026-07-27 18:52:26,392 - src.etl.ratio_calculator - ERROR - Error processing AXISBANK 2023: no such column: c.id
2026-07-27 18:52:26,393 - src.etl.ratio_calculator - ERROR - Error processing AXISBANK 2024: no such column: c.id
2026-07-27 18:52:26,394 - src.etl.ratio_calculator - ERROR - Error processing BAJAJ-AUTO 2013: no such column: c.id
2026-07-27 18:52:26,395 - src.etl.ratio_calculator - ERROR - Error processing BAJAJ-AUTO 2014: no such column: c.id
2026-07-27 18:52:26,396 - src.etl.ratio_calculator - ERROR - Error processing BAJAJ-AUTO 2015: no such column: c.id
2026-07-27 18:52:26,397 - src.etl.ratio_calculator - ERROR - Error processing BAJAJ-AUTO 2016: no such column: c.id
2026-07-27 18:52:26,399 - src.etl.ratio_calculator - ERROR - Error processing BAJAJ-AUTO 2017: no such column: c.id
2026-07-27 18:52:26,400 - src.etl.ratio_calculator - ERROR - Error processing BAJAJ-AUTO 2018: no such column: c.id
2026-07-27 18:52:26,401 - src.etl.ratio_calculator - ERROR - Error processing BAJAJ-AUTO 2019: no such column: c.id
2026-07-27 18:52:26,402 - src.etl.ratio_calculator - ERROR - Error processing BAJAJ-AUTO 2020: no such column: c.id
2026-07-27 18:52:26,403 - src.etl.ratio_calculator - ERROR - Error processing BAJAJ-AUTO 2021: no such column: c.id
2026-07-27 18:52:26,404 - src.etl.ratio_calculator - ERROR - Error processing BAJAJ-AUTO 2022: no such column: c.id
2026-07-27 18:52:26,404 - src.etl.ratio_calculator - ERROR - Error processing BAJAJ-AUTO 2023: no such column: c.id
2026-07-27 18:52:26,405 - src.etl.ratio_calculator - ERROR - Error processing BAJAJ-AUTO 2024: no such column: c.id
2026-07-27 18:52:26,406 - src.etl.ratio_calculator - ERROR - Error processing BAJAJFINSV 2013: no such column: c.id
2026-07-27 18:52:26,407 - src.etl.ratio_calculator - ERROR - Error processing BAJAJFINSV 2014: no such column: c.id
2026-07-27 18:52:26,408 - src.etl.ratio_calculator - ERROR - Error processing BAJAJFINSV 2015: no such column: c.id
2026-07-27 18:52:26,409 - src.etl.ratio_calculator - ERROR - Error processing BAJAJFINSV 2016: no such column: c.id
2026-07-27 18:52:26,410 - src.etl.ratio_calculator - ERROR - Error processing BAJAJFINSV 2017: no such column: c.id
2026-07-27 18:52:26,411 - src.etl.ratio_calculator - ERROR - Error processing BAJAJFINSV 2018: no such column: c.id
2026-07-27 18:52:26,412 - src.etl.ratio_calculator - ERROR - Error processing BAJAJFINSV 2019: no such column: c.id
2026-07-27 18:52:26,452 - src.etl.ratio_calculator - ERROR - Error processing BAJAJFINSV 2020: no such column: c.id
2026-07-27 18:52:26,453 - src.etl.ratio_calculator - ERROR - Error processing BAJAJFINSV 2021: no such column: c.id
2026-07-27 18:52:26,455 - src.etl.ratio_calculator - ERROR - Error processing BAJAJFINSV 2022: no such column: c.id
2026-07-27 18:52:26,456 - src.etl.ratio_calculator - ERROR - Error processing BAJAJFINSV 2023: no such column: c.id
2026-07-27 18:52:26,458 - src.etl.ratio_calculator - ERROR - Error processing BAJAJFINSV 2024: no such column: c.id
2026-07-27 18:52:26,459 - src.etl.ratio_calculator - ERROR - Error processing BAJAJHLDNG 2013: no such column: c.id
2026-07-27 18:52:26,460 - src.etl.ratio_calculator - ERROR - Error processing BAJAJHLDNG 2014: no such column: c.id
2026-07-27 18:52:26,462 - src.etl.ratio_calculator - ERROR - Error processing BAJAJHLDNG 2015: no such column: c.id
2026-07-27 18:52:26,463 - src.etl.ratio_calculator - ERROR - Error processing BAJAJHLDNG 2016: no such column: c.id
2026-07-27 18:52:26,465 - src.etl.ratio_calculator - ERROR - Error processing BAJAJHLDNG 2017: no such column: c.id
2026-07-27 18:52:26,468 - src.etl.ratio_calculator - ERROR - Error processing BAJAJHLDNG 2018: no such column: c.id
2026-07-27 18:52:26,470 - src.etl.ratio_calculator - ERROR - Error processing BAJAJHLDNG 2019: no such column: c.id
2026-07-27 18:52:26,471 - src.etl.ratio_calculator - ERROR - Error processing BAJAJHLDNG 2020: no such column: c.id
2026-07-27 18:52:26,472 - src.etl.ratio_calculator - ERROR - Error processing BAJAJHLDNG 2021: no such column: c.id
2026-07-27 18:52:26,474 - src.etl.ratio_calculator - ERROR - Error processing BAJAJHLDNG 2022: no such column: c.id
2026-07-27 18:52:26,475 - src.etl.ratio_calculator - ERROR - Error processing BAJAJHLDNG 2023: no such column: c.id
2026-07-27 18:52:26,476 - src.etl.ratio_calculator - ERROR - Error processing BAJAJHLDNG 2024: no such column: c.id
2026-07-27 18:52:26,478 - src.etl.ratio_calculator - ERROR - Error processing BAJFINANCE 2015: no such column: c.id
2026-07-27 18:52:26,479 - src.etl.ratio_calculator - ERROR - Error processing BAJFINANCE 2016: no such column: c.id
2026-07-27 18:52:26,480 - src.etl.ratio_calculator - ERROR - Error processing BAJFINANCE 2017: no such column: c.id
2026-07-27 18:52:26,483 - src.etl.ratio_calculator - ERROR - Error processing BAJFINANCE 2018: no such column: c.id
2026-07-27 18:52:26,485 - src.etl.ratio_calculator - ERROR - Error processing BAJFINANCE 2019: no such column: c.id
2026-07-27 18:52:26,487 - src.etl.ratio_calculator - ERROR - Error processing BAJFINANCE 2020: no such column: c.id
2026-07-27 18:52:26,488 - src.etl.ratio_calculator - ERROR - Error processing BAJFINANCE 2021: no such column: c.id
2026-07-27 18:52:26,489 - src.etl.ratio_calculator - ERROR - Error processing BAJFINANCE 2022: no such column: c.id
2026-07-27 18:52:26,491 - src.etl.ratio_calculator - ERROR - Error processing BAJFINANCE 2023: no such column: c.id
2026-07-27 18:52:26,493 - src.etl.ratio_calculator - ERROR - Error processing BAJFINANCE 2024: no such column: c.id
2026-07-27 18:52:26,495 - src.etl.ratio_calculator - ERROR - Error processing BANKBARODA 2013: no such column: c.id
2026-07-27 18:52:26,496 - src.etl.ratio_calculator - ERROR - Error processing BANKBARODA 2014: no such column: c.id
2026-07-27 18:52:26,497 - src.etl.ratio_calculator - ERROR - Error processing BANKBARODA 2015: no such column: c.id
2026-07-27 18:52:26,501 - src.etl.ratio_calculator - ERROR - Error processing BANKBARODA 2016: no such column: c.id
2026-07-27 18:52:26,502 - src.etl.ratio_calculator - ERROR - Error processing BANKBARODA 2017: no such column: c.id
2026-07-27 18:52:26,504 - src.etl.ratio_calculator - ERROR - Error processing BANKBARODA 2018: no such column: c.id
2026-07-27 18:52:26,505 - src.etl.ratio_calculator - ERROR - Error processing BANKBARODA 2019: no such column: c.id
2026-07-27 18:52:26,506 - src.etl.ratio_calculator - ERROR - Error processing BANKBARODA 2020: no such column: c.id
2026-07-27 18:52:26,508 - src.etl.ratio_calculator - ERROR - Error processing BANKBARODA 2021: no such column: c.id
2026-07-27 18:52:26,509 - src.etl.ratio_calculator - ERROR - Error processing BANKBARODA 2022: no such column: c.id
2026-07-27 18:52:26,510 - src.etl.ratio_calculator - ERROR - Error processing BANKBARODA 2023: no such column: c.id
2026-07-27 18:52:26,511 - src.etl.ratio_calculator - ERROR - Error processing BANKBARODA 2024: no such column: c.id
2026-07-27 18:52:26,513 - src.etl.ratio_calculator - ERROR - Error processing BEL 2013: no such column: c.id
2026-07-27 18:52:26,514 - src.etl.ratio_calculator - ERROR - Error processing BEL 2014: no such column: c.id
2026-07-27 18:52:26,516 - src.etl.ratio_calculator - ERROR - Error processing BEL 2015: no such column: c.id
2026-07-27 18:52:26,518 - src.etl.ratio_calculator - ERROR - Error processing BEL 2016: no such column: c.id
2026-07-27 18:52:26,520 - src.etl.ratio_calculator - ERROR - Error processing BEL 2017: no such column: c.id
2026-07-27 18:52:26,521 - src.etl.ratio_calculator - ERROR - Error processing BEL 2018: no such column: c.id
2026-07-27 18:52:26,522 - src.etl.ratio_calculator - ERROR - Error processing BEL 2019: no such column: c.id
2026-07-27 18:52:26,523 - src.etl.ratio_calculator - ERROR - Error processing BEL 2020: no such column: c.id
2026-07-27 18:52:26,524 - src.etl.ratio_calculator - ERROR - Error processing BEL 2021: no such column: c.id
2026-07-27 18:52:26,525 - src.etl.ratio_calculator - ERROR - Error processing BEL 2022: no such column: c.id
2026-07-27 18:52:26,525 - src.etl.ratio_calculator - ERROR - Error processing BEL 2023: no such column: c.id
2026-07-27 18:52:26,526 - src.etl.ratio_calculator - ERROR - Error processing BEL 2024: no such column: c.id
2026-07-27 18:52:26,527 - src.etl.ratio_calculator - ERROR - Error processing BHARTIARTL 2013: no such column: c.id
2026-07-27 18:52:26,528 - src.etl.ratio_calculator - ERROR - Error processing BHARTIARTL 2014: no such column: c.id
2026-07-27 18:52:26,529 - src.etl.ratio_calculator - ERROR - Error processing BHARTIARTL 2015: no such column: c.id
2026-07-27 18:52:26,530 - src.etl.ratio_calculator - ERROR - Error processing BHARTIARTL 2016: no such column: c.id
2026-07-27 18:52:26,530 - src.etl.ratio_calculator - ERROR - Error processing BHARTIARTL 2017: no such column: c.id
2026-07-27 18:52:26,533 - src.etl.ratio_calculator - ERROR - Error processing BHARTIARTL 2018: no such column: c.id
2026-07-27 18:52:26,535 - src.etl.ratio_calculator - ERROR - Error processing BHARTIARTL 2019: no such column: c.id
2026-07-27 18:52:26,535 - src.etl.ratio_calculator - ERROR - Error processing BHARTIARTL 2020: no such column: c.id
2026-07-27 18:52:26,536 - src.etl.ratio_calculator - ERROR - Error processing BHARTIARTL 2021: no such column: c.id
2026-07-27 18:52:26,537 - src.etl.ratio_calculator - ERROR - Error processing BHARTIARTL 2022: no such column: c.id
2026-07-27 18:52:26,538 - src.etl.ratio_calculator - ERROR - Error processing BHARTIARTL 2023: no such column: c.id
2026-07-27 18:52:26,539 - src.etl.ratio_calculator - ERROR - Error processing BHARTIARTL 2024: no such column: c.id
2026-07-27 18:52:26,540 - src.etl.ratio_calculator - ERROR - Error processing BHEL 2013: no such column: c.id
2026-07-27 18:52:26,541 - src.etl.ratio_calculator - ERROR - Error processing BHEL 2014: no such column: c.id
2026-07-27 18:52:26,542 - src.etl.ratio_calculator - ERROR - Error processing BHEL 2015: no such column: c.id
2026-07-27 18:52:26,543 - src.etl.ratio_calculator - ERROR - Error processing BHEL 2016: no such column: c.id
2026-07-27 18:52:26,543 - src.etl.ratio_calculator - ERROR - Error processing BHEL 2017: no such column: c.id
2026-07-27 18:52:26,544 - src.etl.ratio_calculator - ERROR - Error processing BHEL 2018: no such column: c.id
2026-07-27 18:52:26,545 - src.etl.ratio_calculator - ERROR - Error processing BHEL 2019: no such column: c.id
2026-07-27 18:52:26,546 - src.etl.ratio_calculator - ERROR - Error processing BHEL 2020: no such column: c.id
2026-07-27 18:52:26,547 - src.etl.ratio_calculator - ERROR - Error processing BHEL 2021: no such column: c.id
2026-07-27 18:52:26,548 - src.etl.ratio_calculator - ERROR - Error processing BHEL 2022: no such column: c.id
2026-07-27 18:52:26,550 - src.etl.ratio_calculator - ERROR - Error processing BHEL 2023: no such column: c.id
2026-07-27 18:52:26,551 - src.etl.ratio_calculator - ERROR - Error processing BHEL 2024: no such column: c.id
2026-07-27 18:52:26,552 - src.etl.ratio_calculator - ERROR - Error processing BOSCHLTD 2012: no such column: c.id
2026-07-27 18:52:26,553 - src.etl.ratio_calculator - ERROR - Error processing BOSCHLTD 2013: no such column: c.id
2026-07-27 18:52:26,555 - src.etl.ratio_calculator - ERROR - Error processing BOSCHLTD 2015: no such column: c.id
2026-07-27 18:52:26,556 - src.etl.ratio_calculator - ERROR - Error processing BOSCHLTD 2016: no such column: c.id
2026-07-27 18:52:26,557 - src.etl.ratio_calculator - ERROR - Error processing BOSCHLTD 2017: no such column: c.id
2026-07-27 18:52:26,558 - src.etl.ratio_calculator - ERROR - Error processing BOSCHLTD 2018: no such column: c.id
2026-07-27 18:52:26,559 - src.etl.ratio_calculator - ERROR - Error processing BOSCHLTD 2019: no such column: c.id
2026-07-27 18:52:26,560 - src.etl.ratio_calculator - ERROR - Error processing BOSCHLTD 2020: no such column: c.id
2026-07-27 18:52:26,560 - src.etl.ratio_calculator - ERROR - Error processing BOSCHLTD 2021: no such column: c.id
2026-07-27 18:52:26,561 - src.etl.ratio_calculator - ERROR - Error processing BOSCHLTD 2022: no such column: c.id
2026-07-27 18:52:26,562 - src.etl.ratio_calculator - ERROR - Error processing BOSCHLTD 2023: no such column: c.id
2026-07-27 18:52:26,563 - src.etl.ratio_calculator - ERROR - Error processing BOSCHLTD 2024: no such column: c.id
2026-07-27 18:52:26,564 - src.etl.ratio_calculator - ERROR - Error processing BPCL 2013: no such column: c.id
2026-07-27 18:52:26,566 - src.etl.ratio_calculator - ERROR - Error processing BPCL 2014: no such column: c.id
2026-07-27 18:52:26,567 - src.etl.ratio_calculator - ERROR - Error processing BPCL 2015: no such column: c.id
2026-07-27 18:52:26,568 - src.etl.ratio_calculator - ERROR - Error processing BPCL 2016: no such column: c.id
2026-07-27 18:52:26,569 - src.etl.ratio_calculator - ERROR - Error processing BPCL 2017: no such column: c.id
2026-07-27 18:52:26,570 - src.etl.ratio_calculator - ERROR - Error processing BPCL 2018: no such column: c.id
2026-07-27 18:52:26,571 - src.etl.ratio_calculator - ERROR - Error processing BPCL 2019: no such column: c.id
2026-07-27 18:52:26,571 - src.etl.ratio_calculator - ERROR - Error processing BPCL 2020: no such column: c.id
2026-07-27 18:52:26,572 - src.etl.ratio_calculator - ERROR - Error processing BPCL 2021: no such column: c.id
2026-07-27 18:52:26,574 - src.etl.ratio_calculator - ERROR - Error processing BPCL 2022: no such column: c.id
2026-07-27 18:52:26,574 - src.etl.ratio_calculator - ERROR - Error processing BPCL 2023: no such column: c.id
2026-07-27 18:52:26,575 - src.etl.ratio_calculator - ERROR - Error processing BPCL 2024: no such column: c.id
2026-07-27 18:52:26,576 - src.etl.ratio_calculator - ERROR - Error processing BRITANNIA 2013: no such column: c.id
2026-07-27 18:52:26,577 - src.etl.ratio_calculator - ERROR - Error processing BRITANNIA 2014: no such column: c.id
2026-07-27 18:52:26,578 - src.etl.ratio_calculator - ERROR - Error processing BRITANNIA 2015: no such column: c.id
2026-07-27 18:52:26,579 - src.etl.ratio_calculator - ERROR - Error processing BRITANNIA 2016: no such column: c.id
2026-07-27 18:52:26,581 - src.etl.ratio_calculator - ERROR - Error processing BRITANNIA 2017: no such column: c.id
2026-07-27 18:52:26,583 - src.etl.ratio_calculator - ERROR - Error processing BRITANNIA 2018: no such column: c.id
2026-07-27 18:52:26,584 - src.etl.ratio_calculator - ERROR - Error processing BRITANNIA 2019: no such column: c.id
2026-07-27 18:52:26,585 - src.etl.ratio_calculator - ERROR - Error processing BRITANNIA 2020: no such column: c.id
2026-07-27 18:52:26,586 - src.etl.ratio_calculator - ERROR - Error processing BRITANNIA 2021: no such column: c.id
2026-07-27 18:52:26,591 - src.etl.ratio_calculator - ERROR - Error processing BRITANNIA 2022: no such column: c.id
2026-07-27 18:52:26,594 - src.etl.ratio_calculator - ERROR - Error processing BRITANNIA 2023: no such column: c.id
2026-07-27 18:52:26,596 - src.etl.ratio_calculator - ERROR - Error processing BRITANNIA 2024: no such column: c.id
2026-07-27 18:52:26,596 - src.etl.ratio_calculator - ERROR - Error processing CANBK 2013: no such column: c.id
2026-07-27 18:52:26,600 - src.etl.ratio_calculator - ERROR - Error processing CANBK 2014: no such column: c.id
2026-07-27 18:52:26,602 - src.etl.ratio_calculator - ERROR - Error processing CANBK 2015: no such column: c.id
2026-07-27 18:52:26,603 - src.etl.ratio_calculator - ERROR - Error processing CANBK 2016: no such column: c.id
2026-07-27 18:52:26,605 - src.etl.ratio_calculator - ERROR - Error processing CANBK 2017: no such column: c.id
2026-07-27 18:52:26,605 - src.etl.ratio_calculator - ERROR - Error processing CANBK 2018: no such column: c.id
2026-07-27 18:52:26,608 - src.etl.ratio_calculator - ERROR - Error processing CANBK 2019: no such column: c.id
2026-07-27 18:52:26,610 - src.etl.ratio_calculator - ERROR - Error processing CANBK 2020: no such column: c.id
2026-07-27 18:52:26,612 - src.etl.ratio_calculator - ERROR - Error processing CANBK 2021: no such column: c.id
2026-07-27 18:52:26,617 - src.etl.ratio_calculator - ERROR - Error processing CANBK 2022: no such column: c.id
2026-07-27 18:52:26,620 - src.etl.ratio_calculator - ERROR - Error processing CANBK 2023: no such column: c.id
2026-07-27 18:52:26,622 - src.etl.ratio_calculator - ERROR - Error processing CANBK 2024: no such column: c.id
2026-07-27 18:52:26,624 - src.etl.ratio_calculator - ERROR - Error processing CHOLAFIN 2013: no such column: c.id
2026-07-27 18:52:26,626 - src.etl.ratio_calculator - ERROR - Error processing CHOLAFIN 2014: no such column: c.id
2026-07-27 18:52:26,628 - src.etl.ratio_calculator - ERROR - Error processing CHOLAFIN 2015: no such column: c.id
2026-07-27 18:52:26,631 - src.etl.ratio_calculator - ERROR - Error processing CHOLAFIN 2016: no such column: c.id
2026-07-27 18:52:26,634 - src.etl.ratio_calculator - ERROR - Error processing CHOLAFIN 2017: no such column: c.id
2026-07-27 18:52:26,636 - src.etl.ratio_calculator - ERROR - Error processing CHOLAFIN 2018: no such column: c.id
2026-07-27 18:52:26,638 - src.etl.ratio_calculator - ERROR - Error processing CHOLAFIN 2019: no such column: c.id
2026-07-27 18:52:26,640 - src.etl.ratio_calculator - ERROR - Error processing CHOLAFIN 2020: no such column: c.id
2026-07-27 18:52:26,641 - src.etl.ratio_calculator - ERROR - Error processing CHOLAFIN 2021: no such column: c.id
2026-07-27 18:52:26,642 - src.etl.ratio_calculator - ERROR - Error processing CHOLAFIN 2022: no such column: c.id
2026-07-27 18:52:26,643 - src.etl.ratio_calculator - ERROR - Error processing CHOLAFIN 2023: no such column: c.id
2026-07-27 18:52:26,644 - src.etl.ratio_calculator - ERROR - Error processing CHOLAFIN 2024: no such column: c.id
2026-07-27 18:52:26,646 - src.etl.ratio_calculator - ERROR - Error processing CIPLA 2013: no such column: c.id
2026-07-27 18:52:26,649 - src.etl.ratio_calculator - ERROR - Error processing CIPLA 2014: no such column: c.id
2026-07-27 18:52:26,653 - src.etl.ratio_calculator - ERROR - Error processing CIPLA 2015: no such column: c.id
2026-07-27 18:52:26,655 - src.etl.ratio_calculator - ERROR - Error processing CIPLA 2016: no such column: c.id
2026-07-27 18:52:26,657 - src.etl.ratio_calculator - ERROR - Error processing CIPLA 2017: no such column: c.id
2026-07-27 18:52:26,658 - src.etl.ratio_calculator - ERROR - Error processing CIPLA 2018: no such column: c.id
2026-07-27 18:52:26,659 - src.etl.ratio_calculator - ERROR - Error processing CIPLA 2019: no such column: c.id
2026-07-27 18:52:26,660 - src.etl.ratio_calculator - ERROR - Error processing CIPLA 2020: no such column: c.id
2026-07-27 18:52:26,661 - src.etl.ratio_calculator - ERROR - Error processing CIPLA 2021: no such column: c.id
2026-07-27 18:52:26,663 - src.etl.ratio_calculator - ERROR - Error processing CIPLA 2022: no such column: c.id
2026-07-27 18:52:26,663 - src.etl.ratio_calculator - ERROR - Error processing CIPLA 2023: no such column: c.id
2026-07-27 18:52:26,665 - src.etl.ratio_calculator - ERROR - Error processing CIPLA 2024: no such column: c.id
2026-07-27 18:52:26,667 - src.etl.ratio_calculator - ERROR - Error processing COALINDIA 2013: no such column: c.id
2026-07-27 18:52:26,669 - src.etl.ratio_calculator - ERROR - Error processing COALINDIA 2014: no such column: c.id
2026-07-27 18:52:26,670 - src.etl.ratio_calculator - ERROR - Error processing COALINDIA 2015: no such column: c.id
2026-07-27 18:52:26,671 - src.etl.ratio_calculator - ERROR - Error processing COALINDIA 2016: no such column: c.id
2026-07-27 18:52:26,672 - src.etl.ratio_calculator - ERROR - Error processing COALINDIA 2017: no such column: c.id
2026-07-27 18:52:26,673 - src.etl.ratio_calculator - ERROR - Error processing COALINDIA 2018: no such column: c.id
2026-07-27 18:52:26,674 - src.etl.ratio_calculator - ERROR - Error processing COALINDIA 2019: no such column: c.id
2026-07-27 18:52:26,675 - src.etl.ratio_calculator - ERROR - Error processing COALINDIA 2020: no such column: c.id
2026-07-27 18:52:26,676 - src.etl.ratio_calculator - ERROR - Error processing COALINDIA 2021: no such column: c.id
2026-07-27 18:52:26,677 - src.etl.ratio_calculator - ERROR - Error processing COALINDIA 2022: no such column: c.id
2026-07-27 18:52:26,677 - src.etl.ratio_calculator - ERROR - Error processing COALINDIA 2023: no such column: c.id
2026-07-27 18:52:26,678 - src.etl.ratio_calculator - ERROR - Error processing COALINDIA 2024: no such column: c.id
2026-07-27 18:52:26,679 - src.etl.ratio_calculator - ERROR - Error processing DABUR 2013: no such column: c.id
2026-07-27 18:52:26,680 - src.etl.ratio_calculator - ERROR - Error processing DABUR 2014: no such column: c.id
2026-07-27 18:52:26,681 - src.etl.ratio_calculator - ERROR - Error processing DABUR 2015: no such column: c.id
2026-07-27 18:52:26,683 - src.etl.ratio_calculator - ERROR - Error processing DABUR 2016: no such column: c.id
2026-07-27 18:52:26,684 - src.etl.ratio_calculator - ERROR - Error processing DABUR 2017: no such column: c.id
2026-07-27 18:52:26,685 - src.etl.ratio_calculator - ERROR - Error processing DABUR 2018: no such column: c.id
2026-07-27 18:52:26,686 - src.etl.ratio_calculator - ERROR - Error processing DABUR 2019: no such column: c.id
2026-07-27 18:52:26,687 - src.etl.ratio_calculator - ERROR - Error processing DABUR 2020: no such column: c.id
2026-07-27 18:52:26,688 - src.etl.ratio_calculator - ERROR - Error processing DABUR 2021: no such column: c.id
2026-07-27 18:52:26,689 - src.etl.ratio_calculator - ERROR - Error processing DABUR 2022: no such column: c.id
2026-07-27 18:52:26,690 - src.etl.ratio_calculator - ERROR - Error processing DABUR 2023: no such column: c.id
2026-07-27 18:52:26,691 - src.etl.ratio_calculator - ERROR - Error processing DABUR 2024: no such column: c.id
2026-07-27 18:52:26,692 - src.etl.ratio_calculator - ERROR - Error processing DIVISLAB 2013: no such column: c.id
2026-07-27 18:52:26,693 - src.etl.ratio_calculator - ERROR - Error processing DIVISLAB 2014: no such column: c.id
2026-07-27 18:52:26,694 - src.etl.ratio_calculator - ERROR - Error processing DIVISLAB 2015: no such column: c.id
2026-07-27 18:52:26,694 - src.etl.ratio_calculator - ERROR - Error processing DIVISLAB 2016: no such column: c.id
2026-07-27 18:52:26,695 - src.etl.ratio_calculator - ERROR - Error processing DIVISLAB 2017: no such column: c.id
2026-07-27 18:52:26,696 - src.etl.ratio_calculator - ERROR - Error processing DIVISLAB 2018: no such column: c.id
2026-07-27 18:52:26,697 - src.etl.ratio_calculator - ERROR - Error processing DIVISLAB 2019: no such column: c.id
2026-07-27 18:52:26,698 - src.etl.ratio_calculator - ERROR - Error processing DIVISLAB 2020: no such column: c.id
2026-07-27 18:52:26,700 - src.etl.ratio_calculator - ERROR - Error processing DIVISLAB 2021: no such column: c.id
2026-07-27 18:52:26,702 - src.etl.ratio_calculator - ERROR - Error processing DIVISLAB 2022: no such column: c.id
2026-07-27 18:52:26,703 - src.etl.ratio_calculator - ERROR - Error processing DIVISLAB 2023: no such column: c.id
2026-07-27 18:52:26,704 - src.etl.ratio_calculator - ERROR - Error processing DIVISLAB 2024: no such column: c.id
2026-07-27 18:52:26,705 - src.etl.ratio_calculator - ERROR - Error processing DLF 2013: no such column: c.id
2026-07-27 18:52:26,706 - src.etl.ratio_calculator - ERROR - Error processing DLF 2014: no such column: c.id
2026-07-27 18:52:26,707 - src.etl.ratio_calculator - ERROR - Error processing DLF 2015: no such column: c.id
2026-07-27 18:52:26,708 - src.etl.ratio_calculator - ERROR - Error processing DLF 2016: no such column: c.id
2026-07-27 18:52:26,708 - src.etl.ratio_calculator - ERROR - Error processing DLF 2017: no such column: c.id
2026-07-27 18:52:26,709 - src.etl.ratio_calculator - ERROR - Error processing DLF 2018: no such column: c.id
2026-07-27 18:52:26,710 - src.etl.ratio_calculator - ERROR - Error processing DLF 2019: no such column: c.id
2026-07-27 18:52:26,711 - src.etl.ratio_calculator - ERROR - Error processing DLF 2020: no such column: c.id
2026-07-27 18:52:26,712 - src.etl.ratio_calculator - ERROR - Error processing DLF 2021: no such column: c.id
2026-07-27 18:52:26,713 - src.etl.ratio_calculator - ERROR - Error processing DLF 2022: no such column: c.id
2026-07-27 18:52:26,714 - src.etl.ratio_calculator - ERROR - Error processing DLF 2023: no such column: c.id
2026-07-27 18:52:26,715 - src.etl.ratio_calculator - ERROR - Error processing DLF 2024: no such column: c.id
2026-07-27 18:52:26,717 - src.etl.ratio_calculator - ERROR - Error processing DMART 2013: no such column: c.id
2026-07-27 18:52:26,718 - src.etl.ratio_calculator - ERROR - Error processing DMART 2014: no such column: c.id
2026-07-27 18:52:26,719 - src.etl.ratio_calculator - ERROR - Error processing DMART 2015: no such column: c.id
2026-07-27 18:52:26,719 - src.etl.ratio_calculator - ERROR - Error processing DMART 2016: no such column: c.id
2026-07-27 18:52:26,720 - src.etl.ratio_calculator - ERROR - Error processing DMART 2017: no such column: c.id
2026-07-27 18:52:26,721 - src.etl.ratio_calculator - ERROR - Error processing DMART 2018: no such column: c.id
2026-07-27 18:52:26,722 - src.etl.ratio_calculator - ERROR - Error processing DMART 2019: no such column: c.id
2026-07-27 18:52:26,723 - src.etl.ratio_calculator - ERROR - Error processing DMART 2020: no such column: c.id
2026-07-27 18:52:26,724 - src.etl.ratio_calculator - ERROR - Error processing DMART 2021: no such column: c.id
2026-07-27 18:52:26,725 - src.etl.ratio_calculator - ERROR - Error processing DMART 2022: no such column: c.id
2026-07-27 18:52:26,726 - src.etl.ratio_calculator - ERROR - Error processing DMART 2023: no such column: c.id
2026-07-27 18:52:26,727 - src.etl.ratio_calculator - ERROR - Error processing DMART 2024: no such column: c.id
2026-07-27 18:52:26,728 - src.etl.ratio_calculator - ERROR - Error processing DRREDDY 2013: no such column: c.id
2026-07-27 18:52:26,728 - src.etl.ratio_calculator - ERROR - Error processing DRREDDY 2014: no such column: c.id
2026-07-27 18:52:26,729 - src.etl.ratio_calculator - ERROR - Error processing DRREDDY 2015: no such column: c.id
2026-07-27 18:52:26,730 - src.etl.ratio_calculator - ERROR - Error processing DRREDDY 2016: no such column: c.id
2026-07-27 18:52:26,731 - src.etl.ratio_calculator - ERROR - Error processing DRREDDY 2017: no such column: c.id
2026-07-27 18:52:26,732 - src.etl.ratio_calculator - ERROR - Error processing DRREDDY 2018: no such column: c.id
2026-07-27 18:52:26,734 - src.etl.ratio_calculator - ERROR - Error processing DRREDDY 2019: no such column: c.id
2026-07-27 18:52:26,735 - src.etl.ratio_calculator - ERROR - Error processing DRREDDY 2020: no such column: c.id
2026-07-27 18:52:26,735 - src.etl.ratio_calculator - ERROR - Error processing DRREDDY 2021: no such column: c.id
2026-07-27 18:52:26,736 - src.etl.ratio_calculator - ERROR - Error processing DRREDDY 2022: no such column: c.id
2026-07-27 18:52:26,737 - src.etl.ratio_calculator - ERROR - Error processing DRREDDY 2023: no such column: c.id
2026-07-27 18:52:26,738 - src.etl.ratio_calculator - ERROR - Error processing DRREDDY 2024: no such column: c.id
2026-07-27 18:52:26,739 - src.etl.ratio_calculator - ERROR - Error processing EICHERMOT 2012: no such column: c.id
2026-07-27 18:52:26,740 - src.etl.ratio_calculator - ERROR - Error processing EICHERMOT 2013: no such column: c.id
2026-07-27 18:52:26,741 - src.etl.ratio_calculator - ERROR - Error processing EICHERMOT 2014: no such column: c.id
2026-07-27 18:52:26,742 - src.etl.ratio_calculator - ERROR - Error processing EICHERMOT 2016: no such column: c.id
2026-07-27 18:52:26,743 - src.etl.ratio_calculator - ERROR - Error processing EICHERMOT 2017: no such column: c.id
2026-07-27 18:52:26,744 - src.etl.ratio_calculator - ERROR - Error processing EICHERMOT 2018: no such column: c.id
2026-07-27 18:52:26,745 - src.etl.ratio_calculator - ERROR - Error processing EICHERMOT 2019: no such column: c.id
2026-07-27 18:52:26,745 - src.etl.ratio_calculator - ERROR - Error processing EICHERMOT 2020: no such column: c.id
2026-07-27 18:52:26,746 - src.etl.ratio_calculator - ERROR - Error processing EICHERMOT 2021: no such column: c.id
2026-07-27 18:52:26,749 - src.etl.ratio_calculator - ERROR - Error processing EICHERMOT 2022: no such column: c.id
2026-07-27 18:52:26,751 - src.etl.ratio_calculator - ERROR - Error processing EICHERMOT 2023: no such column: c.id
2026-07-27 18:52:26,752 - src.etl.ratio_calculator - ERROR - Error processing EICHERMOT 2024: no such column: c.id
2026-07-27 18:52:26,753 - src.etl.ratio_calculator - ERROR - Error processing GAIL 2013: no such column: c.id
2026-07-27 18:52:26,755 - src.etl.ratio_calculator - ERROR - Error processing GAIL 2014: no such column: c.id
2026-07-27 18:52:26,755 - src.etl.ratio_calculator - ERROR - Error processing GAIL 2015: no such column: c.id
2026-07-27 18:52:26,756 - src.etl.ratio_calculator - ERROR - Error processing GAIL 2016: no such column: c.id
2026-07-27 18:52:26,757 - src.etl.ratio_calculator - ERROR - Error processing GAIL 2017: no such column: c.id
2026-07-27 18:52:26,758 - src.etl.ratio_calculator - ERROR - Error processing GAIL 2018: no such column: c.id
2026-07-27 18:52:26,759 - src.etl.ratio_calculator - ERROR - Error processing GAIL 2019: no such column: c.id
2026-07-27 18:52:26,760 - src.etl.ratio_calculator - ERROR - Error processing GAIL 2020: no such column: c.id
2026-07-27 18:52:26,762 - src.etl.ratio_calculator - ERROR - Error processing GAIL 2021: no such column: c.id
2026-07-27 18:52:26,763 - src.etl.ratio_calculator - ERROR - Error processing GAIL 2022: no such column: c.id
2026-07-27 18:52:26,764 - src.etl.ratio_calculator - ERROR - Error processing GAIL 2023: no such column: c.id
2026-07-27 18:52:26,766 - src.etl.ratio_calculator - ERROR - Error processing GAIL 2024: no such column: c.id
2026-07-27 18:52:26,768 - src.etl.ratio_calculator - ERROR - Error processing GODREJCP 2013: no such column: c.id
2026-07-27 18:52:26,769 - src.etl.ratio_calculator - ERROR - Error processing GODREJCP 2014: no such column: c.id
2026-07-27 18:52:26,770 - src.etl.ratio_calculator - ERROR - Error processing GODREJCP 2015: no such column: c.id
2026-07-27 18:52:26,770 - src.etl.ratio_calculator - ERROR - Error processing GODREJCP 2016: no such column: c.id
2026-07-27 18:52:26,771 - src.etl.ratio_calculator - ERROR - Error processing GODREJCP 2017: no such column: c.id
2026-07-27 18:52:26,772 - src.etl.ratio_calculator - ERROR - Error processing GODREJCP 2018: no such column: c.id
2026-07-27 18:52:26,773 - src.etl.ratio_calculator - ERROR - Error processing GODREJCP 2019: no such column: c.id
2026-07-27 18:52:26,774 - src.etl.ratio_calculator - ERROR - Error processing GODREJCP 2020: no such column: c.id
2026-07-27 18:52:26,776 - src.etl.ratio_calculator - ERROR - Error processing GODREJCP 2021: no such column: c.id
2026-07-27 18:52:26,777 - src.etl.ratio_calculator - ERROR - Error processing GODREJCP 2022: no such column: c.id
2026-07-27 18:52:26,778 - src.etl.ratio_calculator - ERROR - Error processing GODREJCP 2023: no such column: c.id
2026-07-27 18:52:26,779 - src.etl.ratio_calculator - ERROR - Error processing GODREJCP 2024: no such column: c.id
2026-07-27 18:52:26,779 - src.etl.ratio_calculator - ERROR - Error processing GRASIM 2013: no such column: c.id
2026-07-27 18:52:26,780 - src.etl.ratio_calculator - ERROR - Error processing GRASIM 2014: no such column: c.id
2026-07-27 18:52:26,782 - src.etl.ratio_calculator - ERROR - Error processing GRASIM 2015: no such column: c.id
2026-07-27 18:52:26,784 - src.etl.ratio_calculator - ERROR - Error processing GRASIM 2016: no such column: c.id
2026-07-27 18:52:26,785 - src.etl.ratio_calculator - ERROR - Error processing GRASIM 2017: no such column: c.id
2026-07-27 18:52:26,786 - src.etl.ratio_calculator - ERROR - Error processing GRASIM 2018: no such column: c.id
2026-07-27 18:52:26,787 - src.etl.ratio_calculator - ERROR - Error processing GRASIM 2019: no such column: c.id
2026-07-27 18:52:26,788 - src.etl.ratio_calculator - ERROR - Error processing GRASIM 2020: no such column: c.id
2026-07-27 18:52:26,789 - src.etl.ratio_calculator - ERROR - Error processing GRASIM 2021: no such column: c.id
2026-07-27 18:52:26,790 - src.etl.ratio_calculator - ERROR - Error processing GRASIM 2022: no such column: c.id
2026-07-27 18:52:26,791 - src.etl.ratio_calculator - ERROR - Error processing GRASIM 2023: no such column: c.id
2026-07-27 18:52:26,792 - src.etl.ratio_calculator - ERROR - Error processing GRASIM 2024: no such column: c.id
2026-07-27 18:52:26,793 - src.etl.ratio_calculator - ERROR - Error processing HAL 2013: no such column: c.id
2026-07-27 18:52:26,794 - src.etl.ratio_calculator - ERROR - Error processing HAL 2014: no such column: c.id
2026-07-27 18:52:26,794 - src.etl.ratio_calculator - ERROR - Error processing HAL 2015: no such column: c.id
2026-07-27 18:52:26,795 - src.etl.ratio_calculator - ERROR - Error processing HAL 2016: no such column: c.id
2026-07-27 18:52:26,796 - src.etl.ratio_calculator - ERROR - Error processing HAL 2017: no such column: c.id
2026-07-27 18:52:26,797 - src.etl.ratio_calculator - ERROR - Error processing HAL 2018: no such column: c.id
2026-07-27 18:52:26,800 - src.etl.ratio_calculator - ERROR - Error processing HAL 2019: no such column: c.id
2026-07-27 18:52:26,801 - src.etl.ratio_calculator - ERROR - Error processing HAL 2020: no such column: c.id
2026-07-27 18:52:26,802 - src.etl.ratio_calculator - ERROR - Error processing HAL 2021: no such column: c.id
2026-07-27 18:52:26,804 - src.etl.ratio_calculator - ERROR - Error processing HAL 2022: no such column: c.id
2026-07-27 18:52:26,805 - src.etl.ratio_calculator - ERROR - Error processing HAL 2023: no such column: c.id
2026-07-27 18:52:26,806 - src.etl.ratio_calculator - ERROR - Error processing HAL 2024: no such column: c.id
2026-07-27 18:52:26,807 - src.etl.ratio_calculator - ERROR - Error processing HAVELLS 2013: no such column: c.id
2026-07-27 18:52:26,807 - src.etl.ratio_calculator - ERROR - Error processing HAVELLS 2014: no such column: c.id
2026-07-27 18:52:26,808 - src.etl.ratio_calculator - ERROR - Error processing HAVELLS 2015: no such column: c.id
2026-07-27 18:52:26,809 - src.etl.ratio_calculator - ERROR - Error processing HAVELLS 2016: no such column: c.id
2026-07-27 18:52:26,810 - src.etl.ratio_calculator - ERROR - Error processing HAVELLS 2017: no such column: c.id
2026-07-27 18:52:26,811 - src.etl.ratio_calculator - ERROR - Error processing HAVELLS 2018: no such column: c.id
2026-07-27 18:52:26,812 - src.etl.ratio_calculator - ERROR - Error processing HAVELLS 2019: no such column: c.id
2026-07-27 18:52:26,814 - src.etl.ratio_calculator - ERROR - Error processing HAVELLS 2020: no such column: c.id
2026-07-27 18:52:26,816 - src.etl.ratio_calculator - ERROR - Error processing HAVELLS 2021: no such column: c.id
2026-07-27 18:52:26,817 - src.etl.ratio_calculator - ERROR - Error processing HAVELLS 2022: no such column: c.id
2026-07-27 18:52:26,818 - src.etl.ratio_calculator - ERROR - Error processing HAVELLS 2023: no such column: c.id
2026-07-27 18:52:26,819 - src.etl.ratio_calculator - ERROR - Error processing HAVELLS 2024: no such column: c.id
2026-07-27 18:52:26,820 - src.etl.ratio_calculator - ERROR - Error processing HCLTECH 2013: no such column: c.id
2026-07-27 18:52:26,822 - src.etl.ratio_calculator - ERROR - Error processing HCLTECH 2014: no such column: c.id
2026-07-27 18:52:26,823 - src.etl.ratio_calculator - ERROR - Error processing HCLTECH 2015: no such column: c.id
2026-07-27 18:52:26,824 - src.etl.ratio_calculator - ERROR - Error processing HCLTECH 2017: no such column: c.id
2026-07-27 18:52:26,824 - src.etl.ratio_calculator - ERROR - Error processing HCLTECH 2018: no such column: c.id
2026-07-27 18:52:26,825 - src.etl.ratio_calculator - ERROR - Error processing HCLTECH 2019: no such column: c.id
2026-07-27 18:52:26,826 - src.etl.ratio_calculator - ERROR - Error processing HCLTECH 2020: no such column: c.id
2026-07-27 18:52:26,828 - src.etl.ratio_calculator - ERROR - Error processing HCLTECH 2021: no such column: c.id
2026-07-27 18:52:26,829 - src.etl.ratio_calculator - ERROR - Error processing HCLTECH 2022: no such column: c.id
2026-07-27 18:52:26,829 - src.etl.ratio_calculator - ERROR - Error processing HCLTECH 2023: no such column: c.id
2026-07-27 18:52:26,831 - src.etl.ratio_calculator - ERROR - Error processing HCLTECH 2024: no such column: c.id
2026-07-27 18:52:26,833 - src.etl.ratio_calculator - ERROR - Error processing HDFCBANK 2013: no such column: c.id
2026-07-27 18:52:26,835 - src.etl.ratio_calculator - ERROR - Error processing HDFCBANK 2014: no such column: c.id
2026-07-27 18:52:26,836 - src.etl.ratio_calculator - ERROR - Error processing HDFCBANK 2015: no such column: c.id
2026-07-27 18:52:26,838 - src.etl.ratio_calculator - ERROR - Error processing HDFCBANK 2016: no such column: c.id
2026-07-27 18:52:26,839 - src.etl.ratio_calculator - ERROR - Error processing HDFCBANK 2017: no such column: c.id
2026-07-27 18:52:26,840 - src.etl.ratio_calculator - ERROR - Error processing HDFCBANK 2018: no such column: c.id
2026-07-27 18:52:26,841 - src.etl.ratio_calculator - ERROR - Error processing HDFCBANK 2019: no such column: c.id
2026-07-27 18:52:26,842 - src.etl.ratio_calculator - ERROR - Error processing HDFCBANK 2020: no such column: c.id
2026-07-27 18:52:26,843 - src.etl.ratio_calculator - ERROR - Error processing HDFCBANK 2021: no such column: c.id
2026-07-27 18:52:26,844 - src.etl.ratio_calculator - ERROR - Error processing HDFCBANK 2022: no such column: c.id
2026-07-27 18:52:26,845 - src.etl.ratio_calculator - ERROR - Error processing HDFCBANK 2023: no such column: c.id
2026-07-27 18:52:26,845 - src.etl.ratio_calculator - ERROR - Error processing HDFCBANK 2024: no such column: c.id
2026-07-27 18:52:26,846 - src.etl.ratio_calculator - ERROR - Error processing HDFCLIFE 2013: no such column: c.id
2026-07-27 18:52:26,847 - src.etl.ratio_calculator - ERROR - Error processing HDFCLIFE 2014: no such column: c.id
2026-07-27 18:52:26,850 - src.etl.ratio_calculator - ERROR - Error processing HDFCLIFE 2015: no such column: c.id
2026-07-27 18:52:26,862 - src.etl.ratio_calculator - ERROR - Error processing HDFCLIFE 2016: no such column: c.id
2026-07-27 18:52:26,863 - src.etl.ratio_calculator - ERROR - Error processing HDFCLIFE 2017: no such column: c.id
2026-07-27 18:52:26,865 - src.etl.ratio_calculator - ERROR - Error processing HDFCLIFE 2018: no such column: c.id
2026-07-27 18:52:26,868 - src.etl.ratio_calculator - ERROR - Error processing HDFCLIFE 2019: no such column: c.id
2026-07-27 18:52:26,871 - src.etl.ratio_calculator - ERROR - Error processing HDFCLIFE 2020: no such column: c.id
2026-07-27 18:52:26,873 - src.etl.ratio_calculator - ERROR - Error processing HDFCLIFE 2021: no such column: c.id
2026-07-27 18:52:26,875 - src.etl.ratio_calculator - ERROR - Error processing HDFCLIFE 2022: no such column: c.id
2026-07-27 18:52:26,877 - src.etl.ratio_calculator - ERROR - Error processing HDFCLIFE 2023: no such column: c.id
2026-07-27 18:52:26,878 - src.etl.ratio_calculator - ERROR - Error processing HDFCLIFE 2024: no such column: c.id
2026-07-27 18:52:26,879 - src.etl.ratio_calculator - ERROR - Error processing HEROMOTOCO 2014: no such column: c.id
2026-07-27 18:52:26,881 - src.etl.ratio_calculator - ERROR - Error processing HEROMOTOCO 2015: no such column: c.id
2026-07-27 18:52:26,883 - src.etl.ratio_calculator - ERROR - Error processing HEROMOTOCO 2016: no such column: c.id
2026-07-27 18:52:26,885 - src.etl.ratio_calculator - ERROR - Error processing HEROMOTOCO 2017: no such column: c.id
2026-07-27 18:52:26,888 - src.etl.ratio_calculator - ERROR - Error processing HEROMOTOCO 2018: no such column: c.id
2026-07-27 18:52:26,889 - src.etl.ratio_calculator - ERROR - Error processing HEROMOTOCO 2019: no such column: c.id
2026-07-27 18:52:26,890 - src.etl.ratio_calculator - ERROR - Error processing HEROMOTOCO 2020: no such column: c.id
2026-07-27 18:52:26,891 - src.etl.ratio_calculator - ERROR - Error processing HEROMOTOCO 2021: no such column: c.id
2026-07-27 18:52:26,892 - src.etl.ratio_calculator - ERROR - Error processing HEROMOTOCO 2022: no such column: c.id
2026-07-27 18:52:26,892 - src.etl.ratio_calculator - ERROR - Error processing HEROMOTOCO 2023: no such column: c.id
2026-07-27 18:52:26,894 - src.etl.ratio_calculator - ERROR - Error processing HEROMOTOCO 2024: no such column: c.id
2026-07-27 18:52:26,895 - src.etl.ratio_calculator - ERROR - Error processing HINDALCO 2013: no such column: c.id
2026-07-27 18:52:26,896 - src.etl.ratio_calculator - ERROR - Error processing HINDALCO 2014: no such column: c.id
2026-07-27 18:52:26,897 - src.etl.ratio_calculator - ERROR - Error processing HINDALCO 2015: no such column: c.id
2026-07-27 18:52:26,898 - src.etl.ratio_calculator - ERROR - Error processing HINDALCO 2016: no such column: c.id
2026-07-27 18:52:26,901 - src.etl.ratio_calculator - ERROR - Error processing HINDALCO 2017: no such column: c.id
2026-07-27 18:52:26,903 - src.etl.ratio_calculator - ERROR - Error processing HINDALCO 2018: no such column: c.id
2026-07-27 18:52:26,904 - src.etl.ratio_calculator - ERROR - Error processing HINDALCO 2019: no such column: c.id
2026-07-27 18:52:26,905 - src.etl.ratio_calculator - ERROR - Error processing HINDALCO 2020: no such column: c.id
2026-07-27 18:52:26,906 - src.etl.ratio_calculator - ERROR - Error processing HINDALCO 2021: no such column: c.id
2026-07-27 18:52:26,907 - src.etl.ratio_calculator - ERROR - Error processing HINDALCO 2022: no such column: c.id
2026-07-27 18:52:26,908 - src.etl.ratio_calculator - ERROR - Error processing HINDALCO 2023: no such column: c.id
2026-07-27 18:52:26,908 - src.etl.ratio_calculator - ERROR - Error processing HINDALCO 2024: no such column: c.id
2026-07-27 18:52:26,909 - src.etl.ratio_calculator - ERROR - Error processing HINDUNILVR 2013: no such column: c.id
2026-07-27 18:52:26,910 - src.etl.ratio_calculator - ERROR - Error processing HINDUNILVR 2014: no such column: c.id
2026-07-27 18:52:26,912 - src.etl.ratio_calculator - ERROR - Error processing HINDUNILVR 2015: no such column: c.id
2026-07-27 18:52:26,912 - src.etl.ratio_calculator - ERROR - Error processing HINDUNILVR 2016: no such column: c.id
2026-07-27 18:52:26,913 - src.etl.ratio_calculator - ERROR - Error processing HINDUNILVR 2017: no such column: c.id
2026-07-27 18:52:26,914 - src.etl.ratio_calculator - ERROR - Error processing HINDUNILVR 2018: no such column: c.id
2026-07-27 18:52:26,916 - src.etl.ratio_calculator - ERROR - Error processing HINDUNILVR 2019: no such column: c.id
2026-07-27 18:52:26,918 - src.etl.ratio_calculator - ERROR - Error processing HINDUNILVR 2020: no such column: c.id
2026-07-27 18:52:26,920 - src.etl.ratio_calculator - ERROR - Error processing HINDUNILVR 2021: no such column: c.id
2026-07-27 18:52:26,921 - src.etl.ratio_calculator - ERROR - Error processing HINDUNILVR 2022: no such column: c.id
2026-07-27 18:52:26,922 - src.etl.ratio_calculator - ERROR - Error processing HINDUNILVR 2023: no such column: c.id
2026-07-27 18:52:26,922 - src.etl.ratio_calculator - ERROR - Error processing HINDUNILVR 2024: no such column: c.id
2026-07-27 18:52:26,923 - src.etl.ratio_calculator - ERROR - Error processing ICICIBANK 2013: no such column: c.id
2026-07-27 18:52:26,924 - src.etl.ratio_calculator - ERROR - Error processing ICICIBANK 2014: no such column: c.id
2026-07-27 18:52:26,925 - src.etl.ratio_calculator - ERROR - Error processing ICICIBANK 2015: no such column: c.id
2026-07-27 18:52:26,926 - src.etl.ratio_calculator - ERROR - Error processing ICICIBANK 2016: no such column: c.id
2026-07-27 18:52:26,928 - src.etl.ratio_calculator - ERROR - Error processing ICICIBANK 2017: no such column: c.id
2026-07-27 18:52:26,928 - src.etl.ratio_calculator - ERROR - Error processing ICICIBANK 2018: no such column: c.id
2026-07-27 18:52:26,929 - src.etl.ratio_calculator - ERROR - Error processing ICICIBANK 2019: no such column: c.id
2026-07-27 18:52:26,930 - src.etl.ratio_calculator - ERROR - Error processing ICICIBANK 2020: no such column: c.id
2026-07-27 18:52:26,932 - src.etl.ratio_calculator - ERROR - Error processing ICICIBANK 2021: no such column: c.id
2026-07-27 18:52:26,934 - src.etl.ratio_calculator - ERROR - Error processing ICICIBANK 2022: no such column: c.id
2026-07-27 18:52:26,935 - src.etl.ratio_calculator - ERROR - Error processing ICICIBANK 2023: no such column: c.id
2026-07-27 18:52:26,936 - src.etl.ratio_calculator - ERROR - Error processing ICICIBANK 2024: no such column: c.id
2026-07-27 18:52:26,937 - src.etl.ratio_calculator - ERROR - Error processing ICICIGI 2013: no such column: c.id
2026-07-27 18:52:26,938 - src.etl.ratio_calculator - ERROR - Error processing ICICIGI 2014: no such column: c.id
2026-07-27 18:52:26,939 - src.etl.ratio_calculator - ERROR - Error processing ICICIGI 2015: no such column: c.id
2026-07-27 18:52:26,940 - src.etl.ratio_calculator - ERROR - Error processing ICICIGI 2016: no such column: c.id
2026-07-27 18:52:26,941 - src.etl.ratio_calculator - ERROR - Error processing ICICIGI 2017: no such column: c.id
2026-07-27 18:52:26,942 - src.etl.ratio_calculator - ERROR - Error processing ICICIGI 2018: no such column: c.id
2026-07-27 18:52:26,943 - src.etl.ratio_calculator - ERROR - Error processing ICICIGI 2019: no such column: c.id
2026-07-27 18:52:26,944 - src.etl.ratio_calculator - ERROR - Error processing ICICIGI 2020: no such column: c.id
2026-07-27 18:52:26,945 - src.etl.ratio_calculator - ERROR - Error processing ICICIGI 2021: no such column: c.id
2026-07-27 18:52:26,946 - src.etl.ratio_calculator - ERROR - Error processing ICICIGI 2022: no such column: c.id
2026-07-27 18:52:26,947 - src.etl.ratio_calculator - ERROR - Error processing ICICIGI 2023: no such column: c.id
2026-07-27 18:52:26,947 - src.etl.ratio_calculator - ERROR - Error processing ICICIGI 2024: no such column: c.id
2026-07-27 18:52:26,950 - src.etl.ratio_calculator - ERROR - Error processing ICICIPRULI 2013: no such column: c.id
2026-07-27 18:52:26,951 - src.etl.ratio_calculator - ERROR - Error processing ICICIPRULI 2014: no such column: c.id
2026-07-27 18:52:26,952 - src.etl.ratio_calculator - ERROR - Error processing ICICIPRULI 2015: no such column: c.id
2026-07-27 18:52:26,954 - src.etl.ratio_calculator - ERROR - Error processing ICICIPRULI 2016: no such column: c.id
2026-07-27 18:52:26,955 - src.etl.ratio_calculator - ERROR - Error processing ICICIPRULI 2017: no such column: c.id
2026-07-27 18:52:26,955 - src.etl.ratio_calculator - ERROR - Error processing ICICIPRULI 2018: no such column: c.id
2026-07-27 18:52:26,957 - src.etl.ratio_calculator - ERROR - Error processing ICICIPRULI 2019: no such column: c.id
2026-07-27 18:52:26,957 - src.etl.ratio_calculator - ERROR - Error processing ICICIPRULI 2020: no such column: c.id
2026-07-27 18:52:26,958 - src.etl.ratio_calculator - ERROR - Error processing ICICIPRULI 2021: no such column: c.id
2026-07-27 18:52:26,959 - src.etl.ratio_calculator - ERROR - Error processing ICICIPRULI 2022: no such column: c.id
2026-07-27 18:52:26,960 - src.etl.ratio_calculator - ERROR - Error processing ICICIPRULI 2023: no such column: c.id
2026-07-27 18:52:26,961 - src.etl.ratio_calculator - ERROR - Error processing ICICIPRULI 2024: no such column: c.id
2026-07-27 18:52:26,962 - src.etl.ratio_calculator - ERROR - Error processing INDIGO 2013: no such column: c.id
2026-07-27 18:52:26,963 - src.etl.ratio_calculator - ERROR - Error processing INDIGO 2014: no such column: c.id
2026-07-27 18:52:26,964 - src.etl.ratio_calculator - ERROR - Error processing INDIGO 2015: no such column: c.id
2026-07-27 18:52:26,966 - src.etl.ratio_calculator - ERROR - Error processing INDIGO 2016: no such column: c.id
2026-07-27 18:52:26,967 - src.etl.ratio_calculator - ERROR - Error processing INDIGO 2017: no such column: c.id
2026-07-27 18:52:26,969 - src.etl.ratio_calculator - ERROR - Error processing INDIGO 2018: no such column: c.id
2026-07-27 18:52:26,970 - src.etl.ratio_calculator - ERROR - Error processing INDIGO 2019: no such column: c.id
2026-07-27 18:52:26,971 - src.etl.ratio_calculator - ERROR - Error processing INDIGO 2020: no such column: c.id
2026-07-27 18:52:26,972 - src.etl.ratio_calculator - ERROR - Error processing INDIGO 2021: no such column: c.id
2026-07-27 18:52:26,973 - src.etl.ratio_calculator - ERROR - Error processing INDIGO 2022: no such column: c.id
2026-07-27 18:52:26,974 - src.etl.ratio_calculator - ERROR - Error processing INDIGO 2023: no such column: c.id
2026-07-27 18:52:26,974 - src.etl.ratio_calculator - ERROR - Error processing INDIGO 2024: no such column: c.id
2026-07-27 18:52:26,976 - src.etl.ratio_calculator - ERROR - Error processing INDUSINDBK 2013: no such column: c.id
2026-07-27 18:52:26,977 - src.etl.ratio_calculator - ERROR - Error processing INDUSINDBK 2014: no such column: c.id
2026-07-27 18:52:26,977 - src.etl.ratio_calculator - ERROR - Error processing INDUSINDBK 2015: no such column: c.id
2026-07-27 18:52:26,979 - src.etl.ratio_calculator - ERROR - Error processing INDUSINDBK 2016: no such column: c.id
2026-07-27 18:52:26,980 - src.etl.ratio_calculator - ERROR - Error processing INDUSINDBK 2017: no such column: c.id
2026-07-27 18:52:26,981 - src.etl.ratio_calculator - ERROR - Error processing INDUSINDBK 2018: no such column: c.id
2026-07-27 18:52:26,983 - src.etl.ratio_calculator - ERROR - Error processing INDUSINDBK 2019: no such column: c.id
2026-07-27 18:52:26,984 - src.etl.ratio_calculator - ERROR - Error processing INDUSINDBK 2020: no such column: c.id
2026-07-27 18:52:26,985 - src.etl.ratio_calculator - ERROR - Error processing INDUSINDBK 2021: no such column: c.id
2026-07-27 18:52:26,986 - src.etl.ratio_calculator - ERROR - Error processing INDUSINDBK 2022: no such column: c.id
2026-07-27 18:52:26,987 - src.etl.ratio_calculator - ERROR - Error processing INDUSINDBK 2023: no such column: c.id
2026-07-27 18:52:26,988 - src.etl.ratio_calculator - ERROR - Error processing INDUSINDBK 2024: no such column: c.id
2026-07-27 18:52:26,989 - src.etl.ratio_calculator - ERROR - Error processing INFY 2013: no such column: c.id
2026-07-27 18:52:26,990 - src.etl.ratio_calculator - ERROR - Error processing INFY 2014: no such column: c.id
2026-07-27 18:52:26,991 - src.etl.ratio_calculator - ERROR - Error processing INFY 2015: no such column: c.id
2026-07-27 18:52:26,992 - src.etl.ratio_calculator - ERROR - Error processing INFY 2016: no such column: c.id
2026-07-27 18:52:26,993 - src.etl.ratio_calculator - ERROR - Error processing INFY 2017: no such column: c.id
2026-07-27 18:52:26,994 - src.etl.ratio_calculator - ERROR - Error processing INFY 2018: no such column: c.id
2026-07-27 18:52:26,994 - src.etl.ratio_calculator - ERROR - Error processing INFY 2019: no such column: c.id
2026-07-27 18:52:26,995 - src.etl.ratio_calculator - ERROR - Error processing INFY 2020: no such column: c.id
2026-07-27 18:52:26,997 - src.etl.ratio_calculator - ERROR - Error processing INFY 2021: no such column: c.id
2026-07-27 18:52:26,999 - src.etl.ratio_calculator - ERROR - Error processing INFY 2022: no such column: c.id
2026-07-27 18:52:27,001 - src.etl.ratio_calculator - ERROR - Error processing INFY 2023: no such column: c.id
2026-07-27 18:52:27,002 - src.etl.ratio_calculator - ERROR - Error processing INFY 2024: no such column: c.id
2026-07-27 18:52:27,003 - src.etl.ratio_calculator - ERROR - Error processing IOC 2013: no such column: c.id
2026-07-27 18:52:27,004 - src.etl.ratio_calculator - ERROR - Error processing IOC 2014: no such column: c.id
2026-07-27 18:52:27,005 - src.etl.ratio_calculator - ERROR - Error processing IOC 2015: no such column: c.id
2026-07-27 18:52:27,005 - src.etl.ratio_calculator - ERROR - Error processing IOC 2016: no such column: c.id
2026-07-27 18:52:27,006 - src.etl.ratio_calculator - ERROR - Error processing IOC 2017: no such column: c.id
2026-07-27 18:52:27,007 - src.etl.ratio_calculator - ERROR - Error processing IOC 2018: no such column: c.id
2026-07-27 18:52:27,008 - src.etl.ratio_calculator - ERROR - Error processing IOC 2019: no such column: c.id
2026-07-27 18:52:27,009 - src.etl.ratio_calculator - ERROR - Error processing IOC 2020: no such column: c.id
2026-07-27 18:52:27,010 - src.etl.ratio_calculator - ERROR - Error processing IOC 2021: no such column: c.id
2026-07-27 18:52:27,011 - src.etl.ratio_calculator - ERROR - Error processing IOC 2022: no such column: c.id
2026-07-27 18:52:27,012 - src.etl.ratio_calculator - ERROR - Error processing IOC 2023: no such column: c.id
2026-07-27 18:52:27,013 - src.etl.ratio_calculator - ERROR - Error processing IOC 2024: no such column: c.id
2026-07-27 18:52:27,014 - src.etl.ratio_calculator - ERROR - Error processing IRCTC 2015: no such column: c.id
2026-07-27 18:52:27,015 - src.etl.ratio_calculator - ERROR - Error processing IRCTC 2016: no such column: c.id
2026-07-27 18:52:27,017 - src.etl.ratio_calculator - ERROR - Error processing IRCTC 2017: no such column: c.id
2026-07-27 18:52:27,018 - src.etl.ratio_calculator - ERROR - Error processing IRCTC 2018: no such column: c.id
2026-07-27 18:52:27,019 - src.etl.ratio_calculator - ERROR - Error processing IRCTC 2019: no such column: c.id
2026-07-27 18:52:27,021 - src.etl.ratio_calculator - ERROR - Error processing IRCTC 2020: no such column: c.id
2026-07-27 18:52:27,022 - src.etl.ratio_calculator - ERROR - Error processing IRCTC 2021: no such column: c.id
2026-07-27 18:52:27,023 - src.etl.ratio_calculator - ERROR - Error processing IRCTC 2022: no such column: c.id
2026-07-27 18:52:27,024 - src.etl.ratio_calculator - ERROR - Error processing IRCTC 2023: no such column: c.id
2026-07-27 18:52:27,025 - src.etl.ratio_calculator - ERROR - Error processing IRCTC 2024: no such column: c.id
2026-07-27 18:52:27,025 - src.etl.ratio_calculator - ERROR - Error processing IRFC 2013: no such column: c.id
2026-07-27 18:52:27,027 - src.etl.ratio_calculator - ERROR - Error processing IRFC 2014: no such column: c.id
2026-07-27 18:52:27,028 - src.etl.ratio_calculator - ERROR - Error processing IRFC 2015: no such column: c.id
2026-07-27 18:52:27,029 - src.etl.ratio_calculator - ERROR - Error processing IRFC 2016: no such column: c.id
2026-07-27 18:52:27,030 - src.etl.ratio_calculator - ERROR - Error processing IRFC 2017: no such column: c.id
2026-07-27 18:52:27,032 - src.etl.ratio_calculator - ERROR - Error processing IRFC 2018: no such column: c.id
2026-07-27 18:52:27,034 - src.etl.ratio_calculator - ERROR - Error processing IRFC 2019: no such column: c.id
2026-07-27 18:52:27,035 - src.etl.ratio_calculator - ERROR - Error processing IRFC 2020: no such column: c.id
2026-07-27 18:52:27,037 - src.etl.ratio_calculator - ERROR - Error processing IRFC 2021: no such column: c.id
2026-07-27 18:52:27,038 - src.etl.ratio_calculator - ERROR - Error processing IRFC 2022: no such column: c.id
2026-07-27 18:52:27,039 - src.etl.ratio_calculator - ERROR - Error processing IRFC 2023: no such column: c.id
2026-07-27 18:52:27,040 - src.etl.ratio_calculator - ERROR - Error processing IRFC 2024: no such column: c.id
2026-07-27 18:52:27,041 - src.etl.ratio_calculator - ERROR - Error processing ITC 2013: no such column: c.id
2026-07-27 18:52:27,042 - src.etl.ratio_calculator - ERROR - Error processing ITC 2014: no such column: c.id
2026-07-27 18:52:27,043 - src.etl.ratio_calculator - ERROR - Error processing ITC 2015: no such column: c.id
2026-07-27 18:52:27,043 - src.etl.ratio_calculator - ERROR - Error processing ITC 2016: no such column: c.id
2026-07-27 18:52:27,044 - src.etl.ratio_calculator - ERROR - Error processing ITC 2017: no such column: c.id
2026-07-27 18:52:27,045 - src.etl.ratio_calculator - ERROR - Error processing ITC 2018: no such column: c.id
2026-07-27 18:52:27,046 - src.etl.ratio_calculator - ERROR - Error processing ITC 2019: no such column: c.id
2026-07-27 18:52:27,047 - src.etl.ratio_calculator - ERROR - Error processing ITC 2020: no such column: c.id
2026-07-27 18:52:27,049 - src.etl.ratio_calculator - ERROR - Error processing ITC 2021: no such column: c.id
2026-07-27 18:52:27,050 - src.etl.ratio_calculator - ERROR - Error processing ITC 2022: no such column: c.id
2026-07-27 18:52:27,052 - src.etl.ratio_calculator - ERROR - Error processing ITC 2023: no such column: c.id
2026-07-27 18:52:27,052 - src.etl.ratio_calculator - ERROR - Error processing ITC 2024: no such column: c.id
2026-07-27 18:52:27,053 - src.etl.ratio_calculator - ERROR - Error processing JINDALSTEL 2013: no such column: c.id
2026-07-27 18:52:27,055 - src.etl.ratio_calculator - ERROR - Error processing JINDALSTEL 2014: no such column: c.id
2026-07-27 18:52:27,057 - src.etl.ratio_calculator - ERROR - Error processing JINDALSTEL 2015: no such column: c.id
2026-07-27 18:52:27,058 - src.etl.ratio_calculator - ERROR - Error processing JINDALSTEL 2016: no such column: c.id
2026-07-27 18:52:27,058 - src.etl.ratio_calculator - ERROR - Error processing JINDALSTEL 2017: no such column: c.id
2026-07-27 18:52:27,059 - src.etl.ratio_calculator - ERROR - Error processing JINDALSTEL 2018: no such column: c.id
2026-07-27 18:52:27,060 - src.etl.ratio_calculator - ERROR - Error processing JINDALSTEL 2019: no such column: c.id
2026-07-27 18:52:27,061 - src.etl.ratio_calculator - ERROR - Error processing JINDALSTEL 2020: no such column: c.id
2026-07-27 18:52:27,063 - src.etl.ratio_calculator - ERROR - Error processing JINDALSTEL 2021: no such column: c.id
2026-07-27 18:52:27,064 - src.etl.ratio_calculator - ERROR - Error processing JINDALSTEL 2022: no such column: c.id
2026-07-27 18:52:27,065 - src.etl.ratio_calculator - ERROR - Error processing JINDALSTEL 2023: no such column: c.id
2026-07-27 18:52:27,066 - src.etl.ratio_calculator - ERROR - Error processing JINDALSTEL 2024: no such column: c.id
2026-07-27 18:52:27,068 - src.etl.ratio_calculator - ERROR - Error processing JIOFIN 2023: no such column: c.id
2026-07-27 18:52:27,068 - src.etl.ratio_calculator - ERROR - Error processing JIOFIN 2024: no such column: c.id
2026-07-27 18:52:27,070 - src.etl.ratio_calculator - ERROR - Error processing JSWENERGY 2013: no such column: c.id
2026-07-27 18:52:27,070 - src.etl.ratio_calculator - ERROR - Error processing JSWENERGY 2014: no such column: c.id
2026-07-27 18:52:27,071 - src.etl.ratio_calculator - ERROR - Error processing JSWENERGY 2015: no such column: c.id
2026-07-27 18:52:27,072 - src.etl.ratio_calculator - ERROR - Error processing JSWENERGY 2016: no such column: c.id
2026-07-27 18:52:27,073 - src.etl.ratio_calculator - ERROR - Error processing JSWENERGY 2017: no such column: c.id
2026-07-27 18:52:27,074 - src.etl.ratio_calculator - ERROR - Error processing JSWENERGY 2018: no such column: c.id
2026-07-27 18:52:27,076 - src.etl.ratio_calculator - ERROR - Error processing JSWENERGY 2019: no such column: c.id
2026-07-27 18:52:27,077 - src.etl.ratio_calculator - ERROR - Error processing JSWENERGY 2020: no such column: c.id
2026-07-27 18:52:27,078 - src.etl.ratio_calculator - ERROR - Error processing JSWENERGY 2021: no such column: c.id
2026-07-27 18:52:27,078 - src.etl.ratio_calculator - ERROR - Error processing JSWENERGY 2022: no such column: c.id
2026-07-27 18:52:27,079 - src.etl.ratio_calculator - ERROR - Error processing JSWENERGY 2023: no such column: c.id
2026-07-27 18:52:27,080 - src.etl.ratio_calculator - ERROR - Error processing JSWENERGY 2024: no such column: c.id
2026-07-27 18:52:27,082 - src.etl.ratio_calculator - ERROR - Error processing JSWSTEEL 2013: no such column: c.id
2026-07-27 18:52:27,084 - src.etl.ratio_calculator - ERROR - Error processing JSWSTEEL 2014: no such column: c.id
2026-07-27 18:52:27,085 - src.etl.ratio_calculator - ERROR - Error processing JSWSTEEL 2015: no such column: c.id
2026-07-27 18:52:27,086 - src.etl.ratio_calculator - ERROR - Error processing JSWSTEEL 2016: no such column: c.id
2026-07-27 18:52:27,087 - src.etl.ratio_calculator - ERROR - Error processing JSWSTEEL 2017: no such column: c.id
2026-07-27 18:52:27,087 - src.etl.ratio_calculator - ERROR - Error processing JSWSTEEL 2018: no such column: c.id
2026-07-27 18:52:27,088 - src.etl.ratio_calculator - ERROR - Error processing JSWSTEEL 2019: no such column: c.id
2026-07-27 18:52:27,090 - src.etl.ratio_calculator - ERROR - Error processing JSWSTEEL 2020: no such column: c.id
2026-07-27 18:52:27,091 - src.etl.ratio_calculator - ERROR - Error processing JSWSTEEL 2021: no such column: c.id
2026-07-27 18:52:27,092 - src.etl.ratio_calculator - ERROR - Error processing JSWSTEEL 2022: no such column: c.id
2026-07-27 18:52:27,093 - src.etl.ratio_calculator - ERROR - Error processing JSWSTEEL 2023: no such column: c.id
2026-07-27 18:52:27,094 - src.etl.ratio_calculator - ERROR - Error processing JSWSTEEL 2024: no such column: c.id
2026-07-27 18:52:27,095 - src.etl.ratio_calculator - ERROR - Error processing KOTAKBANK 2013: no such column: c.id
2026-07-27 18:52:27,096 - src.etl.ratio_calculator - ERROR - Error processing KOTAKBANK 2014: no such column: c.id
2026-07-27 18:52:27,097 - src.etl.ratio_calculator - ERROR - Error processing KOTAKBANK 2015: no such column: c.id
2026-07-27 18:52:27,098 - src.etl.ratio_calculator - ERROR - Error processing KOTAKBANK 2016: no such column: c.id
2026-07-27 18:52:27,101 - src.etl.ratio_calculator - ERROR - Error processing KOTAKBANK 2017: no such column: c.id
2026-07-27 18:52:27,102 - src.etl.ratio_calculator - ERROR - Error processing KOTAKBANK 2018: no such column: c.id
2026-07-27 18:52:27,103 - src.etl.ratio_calculator - ERROR - Error processing KOTAKBANK 2019: no such column: c.id
2026-07-27 18:52:27,104 - src.etl.ratio_calculator - ERROR - Error processing KOTAKBANK 2020: no such column: c.id
2026-07-27 18:52:27,105 - src.etl.ratio_calculator - ERROR - Error processing KOTAKBANK 2021: no such column: c.id
2026-07-27 18:52:27,106 - src.etl.ratio_calculator - ERROR - Error processing KOTAKBANK 2022: no such column: c.id
2026-07-27 18:52:27,107 - src.etl.ratio_calculator - ERROR - Error processing KOTAKBANK 2023: no such column: c.id
2026-07-27 18:52:27,108 - src.etl.ratio_calculator - ERROR - Error processing KOTAKBANK 2024: no such column: c.id
2026-07-27 18:52:27,109 - src.etl.ratio_calculator - ERROR - Error processing LICI 2019: no such column: c.id
2026-07-27 18:52:27,110 - src.etl.ratio_calculator - ERROR - Error processing LICI 2020: no such column: c.id
2026-07-27 18:52:27,111 - src.etl.ratio_calculator - ERROR - Error processing LICI 2021: no such column: c.id
2026-07-27 18:52:27,112 - src.etl.ratio_calculator - ERROR - Error processing LICI 2022: no such column: c.id
2026-07-27 18:52:27,113 - src.etl.ratio_calculator - ERROR - Error processing LICI 2023: no such column: c.id
2026-07-27 18:52:27,114 - src.etl.ratio_calculator - ERROR - Error processing LICI 2024: no such column: c.id
2026-07-27 18:52:27,114 - src.etl.ratio_calculator - ERROR - Error processing LODHA 2011: no such column: c.id
2026-07-27 18:52:27,116 - src.etl.ratio_calculator - ERROR - Error processing LODHA 2012: no such column: c.id
2026-07-27 18:52:27,117 - src.etl.ratio_calculator - ERROR - Error processing LODHA 2015: no such column: c.id
2026-07-27 18:52:27,118 - src.etl.ratio_calculator - ERROR - Error processing LODHA 2016: no such column: c.id
2026-07-27 18:52:27,120 - src.etl.ratio_calculator - ERROR - Error processing LODHA 2017: no such column: c.id
2026-07-27 18:52:27,121 - src.etl.ratio_calculator - ERROR - Error processing LODHA 2018: no such column: c.id
2026-07-27 18:52:27,121 - src.etl.ratio_calculator - ERROR - Error processing LODHA 2019: no such column: c.id
2026-07-27 18:52:27,122 - src.etl.ratio_calculator - ERROR - Error processing LODHA 2020: no such column: c.id
2026-07-27 18:52:27,123 - src.etl.ratio_calculator - ERROR - Error processing LODHA 2021: no such column: c.id
2026-07-27 18:52:27,124 - src.etl.ratio_calculator - ERROR - Error processing LODHA 2022: no such column: c.id
2026-07-27 18:52:27,125 - src.etl.ratio_calculator - ERROR - Error processing LODHA 2023: no such column: c.id
2026-07-27 18:52:27,126 - src.etl.ratio_calculator - ERROR - Error processing LODHA 2024: no such column: c.id
2026-07-27 18:52:27,127 - src.etl.ratio_calculator - ERROR - Error processing LT 2013: no such column: c.id
2026-07-27 18:52:27,128 - src.etl.ratio_calculator - ERROR - Error processing LT 2014: no such column: c.id
2026-07-27 18:52:27,128 - src.etl.ratio_calculator - ERROR - Error processing LT 2015: no such column: c.id
2026-07-27 18:52:27,129 - src.etl.ratio_calculator - ERROR - Error processing LT 2016: no such column: c.id
2026-07-27 18:52:27,130 - src.etl.ratio_calculator - ERROR - Error processing LT 2017: no such column: c.id
2026-07-27 18:52:27,131 - src.etl.ratio_calculator - ERROR - Error processing LT 2018: no such column: c.id
2026-07-27 18:52:27,132 - src.etl.ratio_calculator - ERROR - Error processing LT 2019: no such column: c.id
2026-07-27 18:52:27,134 - src.etl.ratio_calculator - ERROR - Error processing LT 2020: no such column: c.id
2026-07-27 18:52:27,135 - src.etl.ratio_calculator - ERROR - Error processing LT 2021: no such column: c.id
2026-07-27 18:52:27,136 - src.etl.ratio_calculator - ERROR - Error processing LT 2022: no such column: c.id
2026-07-27 18:52:27,137 - src.etl.ratio_calculator - ERROR - Error processing LT 2023: no such column: c.id
2026-07-27 18:52:27,137 - src.etl.ratio_calculator - ERROR - Error processing LT 2024: no such column: c.id
2026-07-27 18:52:27,138 - src.etl.ratio_calculator - ERROR - Error processing LTIM 2013: no such column: c.id
2026-07-27 18:52:27,139 - src.etl.ratio_calculator - ERROR - Error processing LTIM 2014: no such column: c.id
2026-07-27 18:52:27,140 - src.etl.ratio_calculator - ERROR - Error processing LTIM 2015: no such column: c.id
2026-07-27 18:52:27,141 - src.etl.ratio_calculator - ERROR - Error processing LTIM 2016: no such column: c.id
2026-07-27 18:52:27,141 - src.etl.ratio_calculator - ERROR - Error processing LTIM 2017: no such column: c.id
2026-07-27 18:52:27,142 - src.etl.ratio_calculator - ERROR - Error processing LTIM 2018: no such column: c.id
2026-07-27 18:52:27,143 - src.etl.ratio_calculator - ERROR - Error processing LTIM 2019: no such column: c.id
2026-07-27 18:52:27,144 - src.etl.ratio_calculator - ERROR - Error processing LTIM 2020: no such column: c.id
2026-07-27 18:52:27,145 - src.etl.ratio_calculator - ERROR - Error processing LTIM 2021: no such column: c.id
2026-07-27 18:52:27,145 - src.etl.ratio_calculator - ERROR - Error processing LTIM 2022: no such column: c.id
2026-07-27 18:52:27,146 - src.etl.ratio_calculator - ERROR - Error processing LTIM 2023: no such column: c.id
2026-07-27 18:52:27,148 - src.etl.ratio_calculator - ERROR - Error processing LTIM 2024: no such column: c.id
2026-07-27 18:52:27,149 - src.etl.ratio_calculator - ERROR - Error processing M&M 2013: no such column: c.id
2026-07-27 18:52:27,150 - src.etl.ratio_calculator - ERROR - Error processing M&M 2014: no such column: c.id
2026-07-27 18:52:27,151 - src.etl.ratio_calculator - ERROR - Error processing M&M 2015: no such column: c.id
2026-07-27 18:52:27,152 - src.etl.ratio_calculator - ERROR - Error processing M&M 2016: no such column: c.id
2026-07-27 18:52:27,154 - src.etl.ratio_calculator - ERROR - Error processing M&M 2017: no such column: c.id
2026-07-27 18:52:27,154 - src.etl.ratio_calculator - ERROR - Error processing M&M 2018: no such column: c.id
2026-07-27 18:52:27,155 - src.etl.ratio_calculator - ERROR - Error processing M&M 2019: no such column: c.id
2026-07-27 18:52:27,156 - src.etl.ratio_calculator - ERROR - Error processing M&M 2020: no such column: c.id
2026-07-27 18:52:27,157 - src.etl.ratio_calculator - ERROR - Error processing M&M 2021: no such column: c.id
2026-07-27 18:52:27,158 - src.etl.ratio_calculator - ERROR - Error processing M&M 2022: no such column: c.id
2026-07-27 18:52:27,159 - src.etl.ratio_calculator - ERROR - Error processing M&M 2023: no such column: c.id
2026-07-27 18:52:27,160 - src.etl.ratio_calculator - ERROR - Error processing M&M 2024: no such column: c.id
2026-07-27 18:52:27,161 - src.etl.ratio_calculator - ERROR - Error processing MARUTI 2013: no such column: c.id
2026-07-27 18:52:27,161 - src.etl.ratio_calculator - ERROR - Error processing MARUTI 2014: no such column: c.id
2026-07-27 18:52:27,162 - src.etl.ratio_calculator - ERROR - Error processing MARUTI 2015: no such column: c.id
2026-07-27 18:52:27,164 - src.etl.ratio_calculator - ERROR - Error processing MARUTI 2016: no such column: c.id
2026-07-27 18:52:27,166 - src.etl.ratio_calculator - ERROR - Error processing MARUTI 2017: no such column: c.id
2026-07-27 18:52:27,167 - src.etl.ratio_calculator - ERROR - Error processing MARUTI 2018: no such column: c.id
2026-07-27 18:52:27,168 - src.etl.ratio_calculator - ERROR - Error processing MARUTI 2019: no such column: c.id
2026-07-27 18:52:27,169 - src.etl.ratio_calculator - ERROR - Error processing MARUTI 2020: no such column: c.id
2026-07-27 18:52:27,170 - src.etl.ratio_calculator - ERROR - Error processing MARUTI 2021: no such column: c.id
2026-07-27 18:52:27,171 - src.etl.ratio_calculator - ERROR - Error processing MARUTI 2022: no such column: c.id
2026-07-27 18:52:27,172 - src.etl.ratio_calculator - ERROR - Error processing MARUTI 2023: no such column: c.id
2026-07-27 18:52:27,173 - src.etl.ratio_calculator - ERROR - Error processing MARUTI 2024: no such column: c.id
2026-07-27 18:52:27,173 - src.etl.ratio_calculator - ERROR - Error processing MOTHERSON 2013: no such column: c.id
2026-07-27 18:52:27,174 - src.etl.ratio_calculator - ERROR - Error processing MOTHERSON 2014: no such column: c.id
2026-07-27 18:52:27,176 - src.etl.ratio_calculator - ERROR - Error processing MOTHERSON 2015: no such column: c.id
2026-07-27 18:52:27,177 - src.etl.ratio_calculator - ERROR - Error processing MOTHERSON 2016: no such column: c.id
2026-07-27 18:52:27,178 - src.etl.ratio_calculator - ERROR - Error processing MOTHERSON 2017: no such column: c.id
2026-07-27 18:52:27,179 - src.etl.ratio_calculator - ERROR - Error processing MOTHERSON 2018: no such column: c.id
2026-07-27 18:52:27,179 - src.etl.ratio_calculator - ERROR - Error processing MOTHERSON 2019: no such column: c.id
2026-07-27 18:52:27,180 - src.etl.ratio_calculator - ERROR - Error processing MOTHERSON 2020: no such column: c.id
2026-07-27 18:52:27,182 - src.etl.ratio_calculator - ERROR - Error processing MOTHERSON 2021: no such column: c.id
2026-07-27 18:52:27,184 - src.etl.ratio_calculator - ERROR - Error processing MOTHERSON 2022: no such column: c.id
2026-07-27 18:52:27,185 - src.etl.ratio_calculator - ERROR - Error processing MOTHERSON 2023: no such column: c.id
2026-07-27 18:52:27,186 - src.etl.ratio_calculator - ERROR - Error processing MOTHERSON 2024: no such column: c.id
2026-07-27 18:52:27,187 - src.etl.ratio_calculator - ERROR - Error processing NAUKRI 2013: no such column: c.id
2026-07-27 18:52:27,188 - src.etl.ratio_calculator - ERROR - Error processing NAUKRI 2014: no such column: c.id
2026-07-27 18:52:27,189 - src.etl.ratio_calculator - ERROR - Error processing NAUKRI 2015: no such column: c.id
2026-07-27 18:52:27,190 - src.etl.ratio_calculator - ERROR - Error processing NAUKRI 2016: no such column: c.id
2026-07-27 18:52:27,191 - src.etl.ratio_calculator - ERROR - Error processing NAUKRI 2017: no such column: c.id
2026-07-27 18:52:27,192 - src.etl.ratio_calculator - ERROR - Error processing NAUKRI 2018: no such column: c.id
2026-07-27 18:52:27,193 - src.etl.ratio_calculator - ERROR - Error processing NAUKRI 2019: no such column: c.id
2026-07-27 18:52:27,194 - src.etl.ratio_calculator - ERROR - Error processing NAUKRI 2020: no such column: c.id
2026-07-27 18:52:27,195 - src.etl.ratio_calculator - ERROR - Error processing NAUKRI 2021: no such column: c.id
2026-07-27 18:52:27,196 - src.etl.ratio_calculator - ERROR - Error processing NAUKRI 2022: no such column: c.id
2026-07-27 18:52:27,197 - src.etl.ratio_calculator - ERROR - Error processing NAUKRI 2023: no such column: c.id
2026-07-27 18:52:27,198 - src.etl.ratio_calculator - ERROR - Error processing NAUKRI 2024: no such column: c.id
2026-07-27 18:52:27,200 - src.etl.ratio_calculator - ERROR - Error processing NESTLEIND 2013: no such column: c.id
2026-07-27 18:52:27,201 - src.etl.ratio_calculator - ERROR - Error processing NESTLEIND 2014: no such column: c.id
2026-07-27 18:52:27,202 - src.etl.ratio_calculator - ERROR - Error processing NESTLEIND 2015: no such column: c.id
2026-07-27 18:52:27,204 - src.etl.ratio_calculator - ERROR - Error processing NESTLEIND 2016: no such column: c.id
2026-07-27 18:52:27,205 - src.etl.ratio_calculator - ERROR - Error processing NESTLEIND 2017: no such column: c.id
2026-07-27 18:52:27,206 - src.etl.ratio_calculator - ERROR - Error processing NESTLEIND 2018: no such column: c.id
2026-07-27 18:52:27,207 - src.etl.ratio_calculator - ERROR - Error processing NESTLEIND 2019: no such column: c.id
2026-07-27 18:52:27,208 - src.etl.ratio_calculator - ERROR - Error processing NESTLEIND 2020: no such column: c.id
2026-07-27 18:52:27,208 - src.etl.ratio_calculator - ERROR - Error processing NESTLEIND 2021: no such column: c.id
2026-07-27 18:52:27,209 - src.etl.ratio_calculator - ERROR - Error processing NESTLEIND 2022: no such column: c.id
2026-07-27 18:52:27,210 - src.etl.ratio_calculator - ERROR - Error processing NESTLEIND 2023: no such column: c.id
2026-07-27 18:52:27,211 - src.etl.ratio_calculator - ERROR - Error processing NESTLEIND 2024: no such column: c.id
2026-07-27 18:52:27,211 - src.etl.ratio_calculator - ERROR - Error processing NHPC 2013: no such column: c.id
2026-07-27 18:52:27,212 - src.etl.ratio_calculator - ERROR - Error processing NHPC 2014: no such column: c.id
2026-07-27 18:52:27,213 - src.etl.ratio_calculator - ERROR - Error processing NHPC 2015: no such column: c.id
2026-07-27 18:52:27,215 - src.etl.ratio_calculator - ERROR - Error processing NHPC 2016: no such column: c.id
2026-07-27 18:52:27,217 - src.etl.ratio_calculator - ERROR - Error processing NHPC 2017: no such column: c.id
2026-07-27 18:52:27,218 - src.etl.ratio_calculator - ERROR - Error processing NHPC 2018: no such column: c.id
2026-07-27 18:52:27,219 - src.etl.ratio_calculator - ERROR - Error processing NHPC 2019: no such column: c.id
2026-07-27 18:52:27,223 - src.etl.ratio_calculator - ERROR - Error processing NHPC 2020: no such column: c.id
2026-07-27 18:52:27,227 - src.etl.ratio_calculator - ERROR - Error processing NHPC 2021: no such column: c.id
2026-07-27 18:52:27,229 - src.etl.ratio_calculator - ERROR - Error processing NHPC 2022: no such column: c.id
2026-07-27 18:52:27,235 - src.etl.ratio_calculator - ERROR - Error processing NHPC 2023: no such column: c.id
2026-07-27 18:52:27,239 - src.etl.ratio_calculator - ERROR - Error processing NHPC 2024: no such column: c.id
2026-07-27 18:52:27,241 - src.etl.ratio_calculator - ERROR - Error processing NTPC 2013: no such column: c.id
2026-07-27 18:52:27,243 - src.etl.ratio_calculator - ERROR - Error processing NTPC 2014: no such column: c.id
2026-07-27 18:52:27,246 - src.etl.ratio_calculator - ERROR - Error processing NTPC 2015: no such column: c.id
2026-07-27 18:52:27,252 - src.etl.ratio_calculator - ERROR - Error processing NTPC 2016: no such column: c.id
2026-07-27 18:52:27,255 - src.etl.ratio_calculator - ERROR - Error processing NTPC 2017: no such column: c.id
2026-07-27 18:52:27,258 - src.etl.ratio_calculator - ERROR - Error processing NTPC 2018: no such column: c.id
2026-07-27 18:52:27,260 - src.etl.ratio_calculator - ERROR - Error processing NTPC 2019: no such column: c.id
2026-07-27 18:52:27,262 - src.etl.ratio_calculator - ERROR - Error processing NTPC 2020: no such column: c.id
2026-07-27 18:52:27,264 - src.etl.ratio_calculator - ERROR - Error processing NTPC 2021: no such column: c.id
2026-07-27 18:52:27,269 - src.etl.ratio_calculator - ERROR - Error processing NTPC 2022: no such column: c.id
2026-07-27 18:52:27,271 - src.etl.ratio_calculator - ERROR - Error processing NTPC 2023: no such column: c.id
2026-07-27 18:52:27,273 - src.etl.ratio_calculator - ERROR - Error processing NTPC 2024: no such column: c.id
2026-07-27 18:52:27,274 - src.etl.ratio_calculator - ERROR - Error processing ONGC 2013: no such column: c.id
2026-07-27 18:52:27,276 - src.etl.ratio_calculator - ERROR - Error processing ONGC 2014: no such column: c.id
2026-07-27 18:52:27,277 - src.etl.ratio_calculator - ERROR - Error processing ONGC 2015: no such column: c.id
2026-07-27 18:52:27,280 - src.etl.ratio_calculator - ERROR - Error processing ONGC 2016: no such column: c.id
2026-07-27 18:52:27,284 - src.etl.ratio_calculator - ERROR - Error processing ONGC 2017: no such column: c.id
2026-07-27 18:52:27,287 - src.etl.ratio_calculator - ERROR - Error processing ONGC 2018: no such column: c.id
2026-07-27 18:52:27,289 - src.etl.ratio_calculator - ERROR - Error processing ONGC 2019: no such column: c.id
2026-07-27 18:52:27,290 - src.etl.ratio_calculator - ERROR - Error processing ONGC 2020: no such column: c.id
2026-07-27 18:52:27,291 - src.etl.ratio_calculator - ERROR - Error processing ONGC 2021: no such column: c.id
2026-07-27 18:52:27,292 - src.etl.ratio_calculator - ERROR - Error processing ONGC 2022: no such column: c.id
2026-07-27 18:52:27,293 - src.etl.ratio_calculator - ERROR - Error processing ONGC 2023: no such column: c.id
2026-07-27 18:52:27,294 - src.etl.ratio_calculator - ERROR - Error processing ONGC 2024: no such column: c.id
2026-07-27 18:52:27,295 - src.etl.ratio_calculator - ERROR - Error processing PFC 2013: no such column: c.id
2026-07-27 18:52:27,295 - src.etl.ratio_calculator - ERROR - Error processing PFC 2014: no such column: c.id
2026-07-27 18:52:27,296 - src.etl.ratio_calculator - ERROR - Error processing PFC 2015: no such column: c.id
2026-07-27 18:52:27,298 - src.etl.ratio_calculator - ERROR - Error processing PFC 2016: no such column: c.id
2026-07-27 18:52:27,299 - src.etl.ratio_calculator - ERROR - Error processing PFC 2017: no such column: c.id
2026-07-27 18:52:27,301 - src.etl.ratio_calculator - ERROR - Error processing PFC 2018: no such column: c.id
2026-07-27 18:52:27,302 - src.etl.ratio_calculator - ERROR - Error processing PFC 2019: no such column: c.id
2026-07-27 18:52:27,303 - src.etl.ratio_calculator - ERROR - Error processing PFC 2020: no such column: c.id
2026-07-27 18:52:27,304 - src.etl.ratio_calculator - ERROR - Error processing PFC 2021: no such column: c.id
2026-07-27 18:52:27,305 - src.etl.ratio_calculator - ERROR - Error processing PFC 2022: no such column: c.id
2026-07-27 18:52:27,306 - src.etl.ratio_calculator - ERROR - Error processing PFC 2023: no such column: c.id
2026-07-27 18:52:27,307 - src.etl.ratio_calculator - ERROR - Error processing PFC 2024: no such column: c.id
2026-07-27 18:52:27,308 - src.etl.ratio_calculator - ERROR - Error processing PIDILITIND 2013: no such column: c.id
2026-07-27 18:52:27,309 - src.etl.ratio_calculator - ERROR - Error processing PIDILITIND 2014: no such column: c.id
2026-07-27 18:52:27,310 - src.etl.ratio_calculator - ERROR - Error processing PIDILITIND 2015: no such column: c.id
2026-07-27 18:52:27,311 - src.etl.ratio_calculator - ERROR - Error processing PIDILITIND 2016: no such column: c.id
2026-07-27 18:52:27,311 - src.etl.ratio_calculator - ERROR - Error processing PIDILITIND 2017: no such column: c.id
2026-07-27 18:52:27,312 - src.etl.ratio_calculator - ERROR - Error processing PIDILITIND 2018: no such column: c.id
2026-07-27 18:52:27,313 - src.etl.ratio_calculator - ERROR - Error processing PIDILITIND 2019: no such column: c.id
2026-07-27 18:52:27,314 - src.etl.ratio_calculator - ERROR - Error processing PIDILITIND 2020: no such column: c.id
2026-07-27 18:52:27,315 - src.etl.ratio_calculator - ERROR - Error processing PIDILITIND 2021: no such column: c.id
2026-07-27 18:52:27,317 - src.etl.ratio_calculator - ERROR - Error processing PIDILITIND 2022: no such column: c.id
2026-07-27 18:52:27,318 - src.etl.ratio_calculator - ERROR - Error processing PIDILITIND 2023: no such column: c.id
2026-07-27 18:52:27,319 - src.etl.ratio_calculator - ERROR - Error processing PIDILITIND 2024: no such column: c.id
2026-07-27 18:52:27,320 - src.etl.ratio_calculator - ERROR - Error processing PNB 2013: no such column: c.id
2026-07-27 18:52:27,321 - src.etl.ratio_calculator - ERROR - Error processing PNB 2014: no such column: c.id
2026-07-27 18:52:27,322 - src.etl.ratio_calculator - ERROR - Error processing PNB 2015: no such column: c.id
2026-07-27 18:52:27,323 - src.etl.ratio_calculator - ERROR - Error processing PNB 2016: no such column: c.id
2026-07-27 18:52:27,323 - src.etl.ratio_calculator - ERROR - Error processing PNB 2017: no such column: c.id
2026-07-27 18:52:27,324 - src.etl.ratio_calculator - ERROR - Error processing PNB 2018: no such column: c.id
2026-07-27 18:52:27,325 - src.etl.ratio_calculator - ERROR - Error processing PNB 2019: no such column: c.id
2026-07-27 18:52:27,326 - src.etl.ratio_calculator - ERROR - Error processing PNB 2020: no such column: c.id
2026-07-27 18:52:27,326 - src.etl.ratio_calculator - ERROR - Error processing PNB 2021: no such column: c.id
2026-07-27 18:52:27,327 - src.etl.ratio_calculator - ERROR - Error processing PNB 2022: no such column: c.id
2026-07-27 18:52:27,328 - src.etl.ratio_calculator - ERROR - Error processing PNB 2023: no such column: c.id
2026-07-27 18:52:27,329 - src.etl.ratio_calculator - ERROR - Error processing PNB 2024: no such column: c.id
2026-07-27 18:52:27,329 - src.etl.ratio_calculator - ERROR - Error processing POWERGRID 2013: no such column: c.id
2026-07-27 18:52:27,330 - src.etl.ratio_calculator - ERROR - Error processing POWERGRID 2014: no such column: c.id
2026-07-27 18:52:27,331 - src.etl.ratio_calculator - ERROR - Error processing POWERGRID 2015: no such column: c.id
2026-07-27 18:52:27,334 - src.etl.ratio_calculator - ERROR - Error processing POWERGRID 2016: no such column: c.id
2026-07-27 18:52:27,335 - src.etl.ratio_calculator - ERROR - Error processing POWERGRID 2017: no such column: c.id
2026-07-27 18:52:27,336 - src.etl.ratio_calculator - ERROR - Error processing POWERGRID 2018: no such column: c.id
2026-07-27 18:52:27,336 - src.etl.ratio_calculator - ERROR - Error processing POWERGRID 2019: no such column: c.id
2026-07-27 18:52:27,337 - src.etl.ratio_calculator - ERROR - Error processing POWERGRID 2020: no such column: c.id
2026-07-27 18:52:27,337 - src.etl.ratio_calculator - ERROR - Error processing POWERGRID 2021: no such column: c.id
2026-07-27 18:52:27,339 - src.etl.ratio_calculator - ERROR - Error processing POWERGRID 2022: no such column: c.id
2026-07-27 18:52:27,339 - src.etl.ratio_calculator - ERROR - Error processing POWERGRID 2023: no such column: c.id
2026-07-27 18:52:27,340 - src.etl.ratio_calculator - ERROR - Error processing POWERGRID 2024: no such column: c.id
2026-07-27 18:52:27,341 - src.etl.ratio_calculator - ERROR - Error processing RECLTD 2013: no such column: c.id
2026-07-27 18:52:27,342 - src.etl.ratio_calculator - ERROR - Error processing RECLTD 2014: no such column: c.id
2026-07-27 18:52:27,342 - src.etl.ratio_calculator - ERROR - Error processing RECLTD 2015: no such column: c.id
2026-07-27 18:52:27,343 - src.etl.ratio_calculator - ERROR - Error processing RECLTD 2016: no such column: c.id
2026-07-27 18:52:27,344 - src.etl.ratio_calculator - ERROR - Error processing RECLTD 2017: no such column: c.id
2026-07-27 18:52:27,345 - src.etl.ratio_calculator - ERROR - Error processing RECLTD 2018: no such column: c.id
2026-07-27 18:52:27,345 - src.etl.ratio_calculator - ERROR - Error processing RECLTD 2019: no such column: c.id
2026-07-27 18:52:27,346 - src.etl.ratio_calculator - ERROR - Error processing RECLTD 2020: no such column: c.id
2026-07-27 18:52:27,347 - src.etl.ratio_calculator - ERROR - Error processing RECLTD 2021: no such column: c.id
2026-07-27 18:52:27,349 - src.etl.ratio_calculator - ERROR - Error processing RECLTD 2022: no such column: c.id
2026-07-27 18:52:27,351 - src.etl.ratio_calculator - ERROR - Error processing RECLTD 2023: no such column: c.id
2026-07-27 18:52:27,351 - src.etl.ratio_calculator - ERROR - Error processing RECLTD 2024: no such column: c.id
2026-07-27 18:52:27,352 - src.etl.ratio_calculator - ERROR - Error processing RELIANCE 2013: no such column: c.id
2026-07-27 18:52:27,353 - src.etl.ratio_calculator - ERROR - Error processing RELIANCE 2014: no such column: c.id
2026-07-27 18:52:27,354 - src.etl.ratio_calculator - ERROR - Error processing RELIANCE 2015: no such column: c.id
2026-07-27 18:52:27,355 - src.etl.ratio_calculator - ERROR - Error processing RELIANCE 2016: no such column: c.id
2026-07-27 18:52:27,356 - src.etl.ratio_calculator - ERROR - Error processing RELIANCE 2017: no such column: c.id
2026-07-27 18:52:27,356 - src.etl.ratio_calculator - ERROR - Error processing RELIANCE 2018: no such column: c.id
2026-07-27 18:52:27,357 - src.etl.ratio_calculator - ERROR - Error processing RELIANCE 2019: no such column: c.id
2026-07-27 18:52:27,358 - src.etl.ratio_calculator - ERROR - Error processing RELIANCE 2020: no such column: c.id
2026-07-27 18:52:27,359 - src.etl.ratio_calculator - ERROR - Error processing RELIANCE 2021: no such column: c.id
2026-07-27 18:52:27,360 - src.etl.ratio_calculator - ERROR - Error processing RELIANCE 2022: no such column: c.id
2026-07-27 18:52:27,361 - src.etl.ratio_calculator - ERROR - Error processing RELIANCE 2023: no such column: c.id
2026-07-27 18:52:27,362 - src.etl.ratio_calculator - ERROR - Error processing RELIANCE 2024: no such column: c.id
2026-07-27 18:52:27,363 - src.etl.ratio_calculator - ERROR - Error processing SBILIFE 2013: no such column: c.id
2026-07-27 18:52:27,366 - src.etl.ratio_calculator - ERROR - Error processing SBILIFE 2014: no such column: c.id
2026-07-27 18:52:27,369 - src.etl.ratio_calculator - ERROR - Error processing SBILIFE 2015: no such column: c.id
2026-07-27 18:52:27,371 - src.etl.ratio_calculator - ERROR - Error processing SBILIFE 2016: no such column: c.id
2026-07-27 18:52:27,374 - src.etl.ratio_calculator - ERROR - Error processing SBILIFE 2017: no such column: c.id
2026-07-27 18:52:27,376 - src.etl.ratio_calculator - ERROR - Error processing SBILIFE 2018: no such column: c.id
2026-07-27 18:52:27,379 - src.etl.ratio_calculator - ERROR - Error processing SBILIFE 2019: no such column: c.id
2026-07-27 18:52:27,382 - src.etl.ratio_calculator - ERROR - Error processing SBILIFE 2020: no such column: c.id
2026-07-27 18:52:27,385 - src.etl.ratio_calculator - ERROR - Error processing SBILIFE 2021: no such column: c.id
2026-07-27 18:52:27,388 - src.etl.ratio_calculator - ERROR - Error processing SBILIFE 2022: no such column: c.id
2026-07-27 18:52:27,391 - src.etl.ratio_calculator - ERROR - Error processing SBILIFE 2023: no such column: c.id
2026-07-27 18:52:27,394 - src.etl.ratio_calculator - ERROR - Error processing SBILIFE 2024: no such column: c.id
2026-07-27 18:52:27,396 - src.etl.ratio_calculator - ERROR - Error processing SBIN 2013: no such column: c.id
2026-07-27 18:52:27,399 - src.etl.ratio_calculator - ERROR - Error processing SBIN 2014: no such column: c.id
2026-07-27 18:52:27,402 - src.etl.ratio_calculator - ERROR - Error processing SBIN 2015: no such column: c.id
2026-07-27 18:52:27,406 - src.etl.ratio_calculator - ERROR - Error processing SBIN 2016: no such column: c.id
2026-07-27 18:52:27,408 - src.etl.ratio_calculator - ERROR - Error processing SBIN 2017: no such column: c.id
2026-07-27 18:52:27,410 - src.etl.ratio_calculator - ERROR - Error processing SBIN 2018: no such column: c.id
2026-07-27 18:52:27,413 - src.etl.ratio_calculator - ERROR - Error processing SBIN 2019: no such column: c.id
2026-07-27 18:52:27,416 - src.etl.ratio_calculator - ERROR - Error processing SBIN 2020: no such column: c.id
2026-07-27 18:52:27,418 - src.etl.ratio_calculator - ERROR - Error processing SBIN 2021: no such column: c.id
2026-07-27 18:52:27,421 - src.etl.ratio_calculator - ERROR - Error processing SBIN 2022: no such column: c.id
2026-07-27 18:52:27,423 - src.etl.ratio_calculator - ERROR - Error processing SBIN 2023: no such column: c.id
2026-07-27 18:52:27,425 - src.etl.ratio_calculator - ERROR - Error processing SBIN 2024: no such column: c.id
2026-07-27 18:52:27,427 - src.etl.ratio_calculator - ERROR - Error processing SHREECEM 2013: no such column: c.id
2026-07-27 18:52:27,430 - src.etl.ratio_calculator - ERROR - Error processing SHREECEM 2014: no such column: c.id
2026-07-27 18:52:27,433 - src.etl.ratio_calculator - ERROR - Error processing SHREECEM 2015: no such column: c.id
2026-07-27 18:52:27,436 - src.etl.ratio_calculator - ERROR - Error processing SHREECEM 2017: no such column: c.id
2026-07-27 18:52:27,440 - src.etl.ratio_calculator - ERROR - Error processing SHREECEM 2018: no such column: c.id
2026-07-27 18:52:27,442 - src.etl.ratio_calculator - ERROR - Error processing SHREECEM 2019: no such column: c.id
2026-07-27 18:52:27,445 - src.etl.ratio_calculator - ERROR - Error processing SHREECEM 2020: no such column: c.id
2026-07-27 18:52:27,447 - src.etl.ratio_calculator - ERROR - Error processing SHREECEM 2021: no such column: c.id
2026-07-27 18:52:27,452 - src.etl.ratio_calculator - ERROR - Error processing SHREECEM 2022: no such column: c.id
2026-07-27 18:52:27,454 - src.etl.ratio_calculator - ERROR - Error processing SHREECEM 2023: no such column: c.id
2026-07-27 18:52:27,456 - src.etl.ratio_calculator - ERROR - Error processing SHREECEM 2024: no such column: c.id
2026-07-27 18:52:27,458 - src.etl.ratio_calculator - ERROR - Error processing SHRIRAMFIN 2013: no such column: c.id
2026-07-27 18:52:27,460 - src.etl.ratio_calculator - ERROR - Error processing SHRIRAMFIN 2014: no such column: c.id
2026-07-27 18:52:27,464 - src.etl.ratio_calculator - ERROR - Error processing SHRIRAMFIN 2015: no such column: c.id
2026-07-27 18:52:27,471 - src.etl.ratio_calculator - ERROR - Error processing SHRIRAMFIN 2016: no such column: c.id
2026-07-27 18:52:27,473 - src.etl.ratio_calculator - ERROR - Error processing SHRIRAMFIN 2017: no such column: c.id
2026-07-27 18:52:27,476 - src.etl.ratio_calculator - ERROR - Error processing SHRIRAMFIN 2018: no such column: c.id
2026-07-27 18:52:27,478 - src.etl.ratio_calculator - ERROR - Error processing SHRIRAMFIN 2019: no such column: c.id
2026-07-27 18:52:27,480 - src.etl.ratio_calculator - ERROR - Error processing SHRIRAMFIN 2020: no such column: c.id
2026-07-27 18:52:27,483 - src.etl.ratio_calculator - ERROR - Error processing SHRIRAMFIN 2021: no such column: c.id
2026-07-27 18:52:27,485 - src.etl.ratio_calculator - ERROR - Error processing SHRIRAMFIN 2022: no such column: c.id
2026-07-27 18:52:27,487 - src.etl.ratio_calculator - ERROR - Error processing SHRIRAMFIN 2023: no such column: c.id
2026-07-27 18:52:27,489 - src.etl.ratio_calculator - ERROR - Error processing SHRIRAMFIN 2024: no such column: c.id
2026-07-27 18:52:27,491 - src.etl.ratio_calculator - ERROR - Error processing SIEMENS 2011: no such column: c.id
2026-07-27 18:52:27,493 - src.etl.ratio_calculator - ERROR - Error processing SIEMENS 2014: no such column: c.id
2026-07-27 18:52:27,495 - src.etl.ratio_calculator - ERROR - Error processing SIEMENS 2015: no such column: c.id
2026-07-27 18:52:27,496 - src.etl.ratio_calculator - ERROR - Error processing SIEMENS 2016: no such column: c.id
2026-07-27 18:52:27,501 - src.etl.ratio_calculator - ERROR - Error processing SIEMENS 2017: no such column: c.id
2026-07-27 18:52:27,503 - src.etl.ratio_calculator - ERROR - Error processing SIEMENS 2018: no such column: c.id
2026-07-27 18:52:27,505 - src.etl.ratio_calculator - ERROR - Error processing SIEMENS 2019: no such column: c.id
2026-07-27 18:52:27,507 - src.etl.ratio_calculator - ERROR - Error processing SIEMENS 2020: no such column: c.id
2026-07-27 18:52:27,509 - src.etl.ratio_calculator - ERROR - Error processing SIEMENS 2021: no such column: c.id
2026-07-27 18:52:27,511 - src.etl.ratio_calculator - ERROR - Error processing SIEMENS 2022: no such column: c.id
2026-07-27 18:52:27,512 - src.etl.ratio_calculator - ERROR - Error processing SIEMENS 2023: no such column: c.id
2026-07-27 18:52:27,513 - src.etl.ratio_calculator - ERROR - Error processing SIEMENS 2024: no such column: c.id
2026-07-27 18:52:27,515 - src.etl.ratio_calculator - ERROR - Error processing SUNPHARMA 2013: no such column: c.id
2026-07-27 18:52:27,518 - src.etl.ratio_calculator - ERROR - Error processing SUNPHARMA 2014: no such column: c.id
2026-07-27 18:52:27,520 - src.etl.ratio_calculator - ERROR - Error processing SUNPHARMA 2015: no such column: c.id
2026-07-27 18:52:27,521 - src.etl.ratio_calculator - ERROR - Error processing SUNPHARMA 2016: no such column: c.id
2026-07-27 18:52:27,523 - src.etl.ratio_calculator - ERROR - Error processing SUNPHARMA 2017: no such column: c.id
2026-07-27 18:52:27,525 - src.etl.ratio_calculator - ERROR - Error processing SUNPHARMA 2018: no such column: c.id
2026-07-27 18:52:27,527 - src.etl.ratio_calculator - ERROR - Error processing SUNPHARMA 2019: no such column: c.id
2026-07-27 18:52:27,529 - src.etl.ratio_calculator - ERROR - Error processing SUNPHARMA 2020: no such column: c.id
2026-07-27 18:52:27,531 - src.etl.ratio_calculator - ERROR - Error processing SUNPHARMA 2021: no such column: c.id
2026-07-27 18:52:27,534 - src.etl.ratio_calculator - ERROR - Error processing SUNPHARMA 2022: no such column: c.id
2026-07-27 18:52:27,538 - src.etl.ratio_calculator - ERROR - Error processing SUNPHARMA 2023: no such column: c.id
2026-07-27 18:52:27,540 - src.etl.ratio_calculator - ERROR - Error processing SUNPHARMA 2024: no such column: c.id
2026-07-27 18:52:27,542 - src.etl.ratio_calculator - ERROR - Error processing TATACONSUM 2013: no such column: c.id
2026-07-27 18:52:27,542 - src.etl.ratio_calculator - ERROR - Error processing TATACONSUM 2014: no such column: c.id
2026-07-27 18:52:27,545 - src.etl.ratio_calculator - ERROR - Error processing TATACONSUM 2015: no such column: c.id
2026-07-27 18:52:27,546 - src.etl.ratio_calculator - ERROR - Error processing TATACONSUM 2016: no such column: c.id
2026-07-27 18:52:27,549 - src.etl.ratio_calculator - ERROR - Error processing TATACONSUM 2017: no such column: c.id
2026-07-27 18:52:27,551 - src.etl.ratio_calculator - ERROR - Error processing TATACONSUM 2018: no such column: c.id
2026-07-27 18:52:27,552 - src.etl.ratio_calculator - ERROR - Error processing TATACONSUM 2019: no such column: c.id
2026-07-27 18:52:27,554 - src.etl.ratio_calculator - ERROR - Error processing TATACONSUM 2020: no such column: c.id
2026-07-27 18:52:27,556 - src.etl.ratio_calculator - ERROR - Error processing TATACONSUM 2021: no such column: c.id
2026-07-27 18:52:27,557 - src.etl.ratio_calculator - ERROR - Error processing TATACONSUM 2022: no such column: c.id
2026-07-27 18:52:27,558 - src.etl.ratio_calculator - ERROR - Error processing TATACONSUM 2023: no such column: c.id
2026-07-27 18:52:27,561 - src.etl.ratio_calculator - ERROR - Error processing TATACONSUM 2024: no such column: c.id
2026-07-27 18:52:27,563 - src.etl.ratio_calculator - ERROR - Error processing TATAMOTORS 2013: no such column: c.id
2026-07-27 18:52:27,565 - src.etl.ratio_calculator - ERROR - Error processing TATAMOTORS 2014: no such column: c.id
2026-07-27 18:52:27,566 - src.etl.ratio_calculator - ERROR - Error processing TATAMOTORS 2015: no such column: c.id
2026-07-27 18:52:27,568 - src.etl.ratio_calculator - ERROR - Error processing TATAMOTORS 2016: no such column: c.id
2026-07-27 18:52:27,570 - src.etl.ratio_calculator - ERROR - Error processing TATAMOTORS 2017: no such column: c.id
2026-07-27 18:52:27,572 - src.etl.ratio_calculator - ERROR - Error processing TATAMOTORS 2018: no such column: c.id
2026-07-27 18:52:27,573 - src.etl.ratio_calculator - ERROR - Error processing TATAMOTORS 2019: no such column: c.id
2026-07-27 18:52:27,575 - src.etl.ratio_calculator - ERROR - Error processing TATAMOTORS 2020: no such column: c.id
2026-07-27 18:52:27,576 - src.etl.ratio_calculator - ERROR - Error processing TATAMOTORS 2021: no such column: c.id
2026-07-27 18:52:27,578 - src.etl.ratio_calculator - ERROR - Error processing TATAMOTORS 2022: no such column: c.id
2026-07-27 18:52:27,579 - src.etl.ratio_calculator - ERROR - Error processing TATAMOTORS 2023: no such column: c.id
2026-07-27 18:52:27,582 - src.etl.ratio_calculator - ERROR - Error processing TATAMOTORS 2024: no such column: c.id
2026-07-27 18:52:27,584 - src.etl.ratio_calculator - ERROR - Error processing TATAPOWER 2013: no such column: c.id
2026-07-27 18:52:27,587 - src.etl.ratio_calculator - ERROR - Error processing TATAPOWER 2014: no such column: c.id
2026-07-27 18:52:27,588 - src.etl.ratio_calculator - ERROR - Error processing TATAPOWER 2015: no such column: c.id
2026-07-27 18:52:27,591 - src.etl.ratio_calculator - ERROR - Error processing TATAPOWER 2016: no such column: c.id
2026-07-27 18:52:27,592 - src.etl.ratio_calculator - ERROR - Error processing TATAPOWER 2017: no such column: c.id
2026-07-27 18:52:27,594 - src.etl.ratio_calculator - ERROR - Error processing TATAPOWER 2018: no such column: c.id
2026-07-27 18:52:27,595 - src.etl.ratio_calculator - ERROR - Error processing TATAPOWER 2019: no such column: c.id
2026-07-27 18:52:27,597 - src.etl.ratio_calculator - ERROR - Error processing TATAPOWER 2020: no such column: c.id
2026-07-27 18:52:27,599 - src.etl.ratio_calculator - ERROR - Error processing TATAPOWER 2021: no such column: c.id
2026-07-27 18:52:27,601 - src.etl.ratio_calculator - ERROR - Error processing TATAPOWER 2022: no such column: c.id
2026-07-27 18:52:27,602 - src.etl.ratio_calculator - ERROR - Error processing TATAPOWER 2023: no such column: c.id
2026-07-27 18:52:27,603 - src.etl.ratio_calculator - ERROR - Error processing TATAPOWER 2024: no such column: c.id
2026-07-27 18:52:27,605 - src.etl.ratio_calculator - ERROR - Error processing TATASTEEL 2013: no such column: c.id
2026-07-27 18:52:27,606 - src.etl.ratio_calculator - ERROR - Error processing TATASTEEL 2014: no such column: c.id
2026-07-27 18:52:27,608 - src.etl.ratio_calculator - ERROR - Error processing TATASTEEL 2015: no such column: c.id
2026-07-27 18:52:27,609 - src.etl.ratio_calculator - ERROR - Error processing TATASTEEL 2016: no such column: c.id
2026-07-27 18:52:27,611 - src.etl.ratio_calculator - ERROR - Error processing TATASTEEL 2017: no such column: c.id
2026-07-27 18:52:27,612 - src.etl.ratio_calculator - ERROR - Error processing TATASTEEL 2018: no such column: c.id
2026-07-27 18:52:27,614 - src.etl.ratio_calculator - ERROR - Error processing TATASTEEL 2019: no such column: c.id
2026-07-27 18:52:27,616 - src.etl.ratio_calculator - ERROR - Error processing TATASTEEL 2020: no such column: c.id
2026-07-27 18:52:27,618 - src.etl.ratio_calculator - ERROR - Error processing TATASTEEL 2021: no such column: c.id
2026-07-27 18:52:27,619 - src.etl.ratio_calculator - ERROR - Error processing TATASTEEL 2022: no such column: c.id
2026-07-27 18:52:27,621 - src.etl.ratio_calculator - ERROR - Error processing TATASTEEL 2023: no such column: c.id
2026-07-27 18:52:27,623 - src.etl.ratio_calculator - ERROR - Error processing TATASTEEL 2024: no such column: c.id
2026-07-27 18:52:27,625 - src.etl.ratio_calculator - ERROR - Error processing TCS 2013: no such column: c.id
2026-07-27 18:52:27,626 - src.etl.ratio_calculator - ERROR - Error processing TCS 2014: no such column: c.id
2026-07-27 18:52:27,627 - src.etl.ratio_calculator - ERROR - Error processing TCS 2015: no such column: c.id
2026-07-27 18:52:27,629 - src.etl.ratio_calculator - ERROR - Error processing TCS 2016: no such column: c.id
2026-07-27 18:52:27,631 - src.etl.ratio_calculator - ERROR - Error processing TCS 2017: no such column: c.id
2026-07-27 18:52:27,633 - src.etl.ratio_calculator - ERROR - Error processing TCS 2018: no such column: c.id
2026-07-27 18:52:27,634 - src.etl.ratio_calculator - ERROR - Error processing TCS 2019: no such column: c.id
2026-07-27 18:52:27,636 - src.etl.ratio_calculator - ERROR - Error processing TCS 2020: no such column: c.id
2026-07-27 18:52:27,638 - src.etl.ratio_calculator - ERROR - Error processing TCS 2021: no such column: c.id
2026-07-27 18:52:27,639 - src.etl.ratio_calculator - ERROR - Error processing TCS 2022: no such column: c.id
2026-07-27 18:52:27,640 - src.etl.ratio_calculator - ERROR - Error processing TCS 2023: no such column: c.id
2026-07-27 18:52:27,640 - src.etl.ratio_calculator - ERROR - Error processing TCS 2024: no such column: c.id
2026-07-27 18:52:27,642 - src.etl.ratio_calculator - ERROR - Error processing TECHM 2013: no such column: c.id
2026-07-27 18:52:27,642 - src.etl.ratio_calculator - ERROR - Error processing TECHM 2014: no such column: c.id
2026-07-27 18:52:27,643 - src.etl.ratio_calculator - ERROR - Error processing TECHM 2015: no such column: c.id
2026-07-27 18:52:27,644 - src.etl.ratio_calculator - ERROR - Error processing TECHM 2016: no such column: c.id
2026-07-27 18:52:27,645 - src.etl.ratio_calculator - ERROR - Error processing TECHM 2017: no such column: c.id
2026-07-27 18:52:27,645 - src.etl.ratio_calculator - ERROR - Error processing TECHM 2018: no such column: c.id
2026-07-27 18:52:27,646 - src.etl.ratio_calculator - ERROR - Error processing TECHM 2019: no such column: c.id
2026-07-27 18:52:27,647 - src.etl.ratio_calculator - ERROR - Error processing TECHM 2020: no such column: c.id
2026-07-27 18:52:27,648 - src.etl.ratio_calculator - ERROR - Error processing TECHM 2021: no such column: c.id
2026-07-27 18:52:27,650 - src.etl.ratio_calculator - ERROR - Error processing TECHM 2022: no such column: c.id
2026-07-27 18:52:27,651 - src.etl.ratio_calculator - ERROR - Error processing TECHM 2023: no such column: c.id
2026-07-27 18:52:27,652 - src.etl.ratio_calculator - ERROR - Error processing TECHM 2024: no such column: c.id
2026-07-27 18:52:27,653 - src.etl.ratio_calculator - ERROR - Error processing TITAN 2013: no such column: c.id
2026-07-27 18:52:27,654 - src.etl.ratio_calculator - ERROR - Error processing TITAN 2014: no such column: c.id
2026-07-27 18:52:27,655 - src.etl.ratio_calculator - ERROR - Error processing TITAN 2015: no such column: c.id
2026-07-27 18:52:27,656 - src.etl.ratio_calculator - ERROR - Error processing TITAN 2016: no such column: c.id
2026-07-27 18:52:27,656 - src.etl.ratio_calculator - ERROR - Error processing TITAN 2017: no such column: c.id
2026-07-27 18:52:27,657 - src.etl.ratio_calculator - ERROR - Error processing TITAN 2018: no such column: c.id
2026-07-27 18:52:27,658 - src.etl.ratio_calculator - ERROR - Error processing TITAN 2019: no such column: c.id
2026-07-27 18:52:27,658 - src.etl.ratio_calculator - ERROR - Error processing TITAN 2020: no such column: c.id
2026-07-27 18:52:27,660 - src.etl.ratio_calculator - ERROR - Error processing TITAN 2021: no such column: c.id
2026-07-27 18:52:27,660 - src.etl.ratio_calculator - ERROR - Error processing TITAN 2022: no such column: c.id
2026-07-27 18:52:27,661 - src.etl.ratio_calculator - ERROR - Error processing TITAN 2023: no such column: c.id
2026-07-27 18:52:27,662 - src.etl.ratio_calculator - ERROR - Error processing TITAN 2024: no such column: c.id
2026-07-27 18:52:27,663 - src.etl.ratio_calculator - ERROR - Error processing TORNTPHARM 2013: no such column: c.id
2026-07-27 18:52:27,663 - src.etl.ratio_calculator - ERROR - Error processing TORNTPHARM 2014: no such column: c.id
2026-07-27 18:52:27,664 - src.etl.ratio_calculator - ERROR - Error processing TORNTPHARM 2015: no such column: c.id
2026-07-27 18:52:27,665 - src.etl.ratio_calculator - ERROR - Error processing TORNTPHARM 2016: no such column: c.id
2026-07-27 18:52:27,667 - src.etl.ratio_calculator - ERROR - Error processing TORNTPHARM 2017: no such column: c.id
2026-07-27 18:52:27,668 - src.etl.ratio_calculator - ERROR - Error processing TORNTPHARM 2018: no such column: c.id
2026-07-27 18:52:27,669 - src.etl.ratio_calculator - ERROR - Error processing TORNTPHARM 2019: no such column: c.id
2026-07-27 18:52:27,670 - src.etl.ratio_calculator - ERROR - Error processing TORNTPHARM 2020: no such column: c.id
2026-07-27 18:52:27,671 - src.etl.ratio_calculator - ERROR - Error processing TORNTPHARM 2021: no such column: c.id
2026-07-27 18:52:27,672 - src.etl.ratio_calculator - ERROR - Error processing TORNTPHARM 2022: no such column: c.id
2026-07-27 18:52:27,673 - src.etl.ratio_calculator - ERROR - Error processing TORNTPHARM 2023: no such column: c.id
2026-07-27 18:52:27,674 - src.etl.ratio_calculator - ERROR - Error processing TORNTPHARM 2024: no such column: c.id
2026-07-27 18:52:27,675 - src.etl.ratio_calculator - ERROR - Error processing TRENT 2013: no such column: c.id
2026-07-27 18:52:27,676 - src.etl.ratio_calculator - ERROR - Error processing TRENT 2014: no such column: c.id
2026-07-27 18:52:27,676 - src.etl.ratio_calculator - ERROR - Error processing TRENT 2015: no such column: c.id
2026-07-27 18:52:27,677 - src.etl.ratio_calculator - ERROR - Error processing TRENT 2016: no such column: c.id
2026-07-27 18:52:27,678 - src.etl.ratio_calculator - ERROR - Error processing TRENT 2017: no such column: c.id
2026-07-27 18:52:27,679 - src.etl.ratio_calculator - ERROR - Error processing TRENT 2018: no such column: c.id
2026-07-27 18:52:27,679 - src.etl.ratio_calculator - ERROR - Error processing TRENT 2019: no such column: c.id
2026-07-27 18:52:27,680 - src.etl.ratio_calculator - ERROR - Error processing TRENT 2020: no such column: c.id
2026-07-27 18:52:27,681 - src.etl.ratio_calculator - ERROR - Error processing TRENT 2021: no such column: c.id
2026-07-27 18:52:27,682 - src.etl.ratio_calculator - ERROR - Error processing TRENT 2022: no such column: c.id
2026-07-27 18:52:27,684 - src.etl.ratio_calculator - ERROR - Error processing TRENT 2023: no such column: c.id
2026-07-27 18:52:27,685 - src.etl.ratio_calculator - ERROR - Error processing TRENT 2024: no such column: c.id
2026-07-27 18:52:27,686 - src.etl.ratio_calculator - ERROR - Error processing TVSMOTOR 2013: no such column: c.id
2026-07-27 18:52:27,686 - src.etl.ratio_calculator - ERROR - Error processing TVSMOTOR 2014: no such column: c.id
2026-07-27 18:52:27,687 - src.etl.ratio_calculator - ERROR - Error processing TVSMOTOR 2015: no such column: c.id
2026-07-27 18:52:27,688 - src.etl.ratio_calculator - ERROR - Error processing TVSMOTOR 2016: no such column: c.id
2026-07-27 18:52:27,689 - src.etl.ratio_calculator - ERROR - Error processing TVSMOTOR 2017: no such column: c.id
2026-07-27 18:52:27,690 - src.etl.ratio_calculator - ERROR - Error processing TVSMOTOR 2018: no such column: c.id
2026-07-27 18:52:27,691 - src.etl.ratio_calculator - ERROR - Error processing TVSMOTOR 2019: no such column: c.id
2026-07-27 18:52:27,691 - src.etl.ratio_calculator - ERROR - Error processing TVSMOTOR 2020: no such column: c.id
2026-07-27 18:52:27,692 - src.etl.ratio_calculator - ERROR - Error processing TVSMOTOR 2021: no such column: c.id
2026-07-27 18:52:27,693 - src.etl.ratio_calculator - ERROR - Error processing TVSMOTOR 2022: no such column: c.id
2026-07-27 18:52:27,694 - src.etl.ratio_calculator - ERROR - Error processing TVSMOTOR 2023: no such column: c.id
2026-07-27 18:52:27,696 - src.etl.ratio_calculator - ERROR - Error processing TVSMOTOR 2024: no such column: c.id
2026-07-27 18:52:27,696 - src.etl.ratio_calculator - INFO - Total ratios calculated: 0
2026-07-27 18:52:27,696 - src.etl.ratio_calculator - INFO - 
Step 2: Populating financial_ratios table...
2026-07-27 18:52:27,698 - src.etl.ratio_calculator - INFO - Insertion complete: 0 new, 0 updated, 0 errors
2026-07-27 18:52:27,698 - src.etl.ratio_calculator - INFO - 
Step 3: Verifying population...
2026-07-27 18:52:27,700 - src.etl.ratio_calculator - INFO - Total rows in financial_ratios: 1184
2026-07-27 18:52:27,700 - src.etl.ratio_calculator - INFO - ============================================================
2026-07-27 18:52:27,701 - src.etl.ratio_calculator - INFO - PIPELINE COMPLETE
2026-07-27 18:52:27,701 - src.etl.ratio_calculator - INFO - ============================================================
